application_id,application_date,application_status,first_name,middle_name,last_name,preferred_name,gender,date_of_birth,nik,birth_place,blood_type,rt_rw,issue_date,email,phone_primary,phone_secondary,address_street,address_city,address_province,address_postal_code,address_country,linkedin_profile,personal_website,position_applied,department,employment_type,desired_salary,salary_negotiable,start_date_available,notice_period,work_authorization,visa_status,willing_to_relocate,remote_work_preference,travel_willingness,education_level,university_name,degree_major,degree_minor,graduation_year,gpa,academic_honors,total_experience,current_employer,current_position,current_salary,previous_employer_1,previous_position_1,previous_employer_2,previous_position_2,reason_for_leaving,technical_skills,soft_skills,programming_languages,certifications,languages_spoken,cover_letter_submitted,portfolio_url,github_profile,criminal_background,drug_test_consent,reference_check_consent,reference_1,reference_2,reference_3,emergency_contact_name,emergency_contact_relationship,emergency_contact_phone,preferred_work_schedule,overtime_availability,weekend_availability,how_found_position,referral_source,why_interested,career_goals,greatest_strength,biggest_weakness,religion,marital_status,bpjs_number,npwp_number,electronic_signature,signature_date,terms_accepted,privacy_policy_accepted
APP20250001,14/05/2025,Interview Scheduled,Emin,Ade,Astuti,,Male,05/11/1978,211776443477,Bontang,A,011/015,04-07-2021,emin.astuti@pd.net.id,+62 87-1867-2582,,Gang Gedebage Selatan No. 383,Pekanbaru,Papua,52494,Indonesia,https://linkedin.com/in/emin-astuti-751,,Financial Analyst,Keuangan,Full-time,"Rp 15,755,525",Ya,01/06/2025,Segera,WNI (Warga Negara Indonesia),N/A,Dalam kota saja,Work from Office,35%,S1 (Sarjana),Universitas Brawijaya,Akuntansi,,2024,,,3-5 tahun,PT Bank Central Asia,Energy engineer,"Rp 14,668,071",PT Bank Danamon,"Scientist, water quality",PT Asuransi Jiwasraya,Architect,Restrukturisasi Perusahaan,"Problem Solving, Excel, Banking, Analytical Thinking","Bahasa Inggris, Komunikasi, Financial Modeling",,Certified Management Accountant (CMA),"English, Bahasa Jawa, Bahasa Batak, Bahasa Indonesia (Native)",Ya,,,Tidak,Ya,Ya,"Kala Astuti, Hotel manager di PT Bank Rakyat Indonesia, (009) 716-3297, paulinpratama@example.org","Artanto Maryadi, Radio broadcast assistant di PT Asuransi Jiwasraya, (041) 146 1354, dalimanhalimah@example.net","Balidin Santoso, Insurance broker di PT Bank Danamon, +62 (23) 613 0377, qmulyani@example.com",Himawan Wastuti,Saudara,+62 85-9234-1375,Jam Fleksibel,Tidak,Ya,Recruiter,Maimunah Pangestu,Saya tertarik dengan posisi ini karena Dolores eaque veritatis nam repellendus sapiente. dan ingin berkontribusi untuk kemajuan perusahaan.,Tujuan karir saya adalah Explicabo fugit dolor ad perferendis. dan mengembangkan keahlian dalam Problem Solving.,Komunikasi,Manajemen Waktu,Konghucu,Duda/Janda,,83.640.639.4-706.843,Emin Astuti,26/05/2025,Ya,Ya
APP20250002,09/04/2025,Pending,Raisa,Kardi,Jailani,,Female,16/03/1994,334776997724,Ternate,O,020/008,02-12-2019,raisa.jailani@pd.ponpes.id,+62 81-7088-2556,,Gg. Indragiri No. 52,Medan,Sumatera Barat,96273,Indonesia,https://linkedin.com/in/raisa-jailani-929,,Social Media Manager,Pemasaran,Contract,"Rp 18,449,489",Tidak,10/07/2025,2 minggu,WNI (Warga Negara Indonesia),N/A,Dalam kota saja,Fleksibel,9%,S1 (Sarjana),Universitas Andalas,Jurnalistik,,2022,3.07,,5-8 tahun,PT DDB Indonesia,"Surveyor, commercial/residential","Rp 19,982,588",PT Dentsu Indonesia,Geophysicist/field seismologist,PT DDB Indonesia,"Merchandiser, retail",Relokasi,"Kerja Tim, Facebook Ads, TikTok Marketing, Marketing Automation","Email Marketing, Adaptability, Google Analytics, Instagram Marketing",,Google Analytics Certified,"Mandarin, Bahasa Batak, Bahasa Jawa",Tidak,,,Tidak,Ya,Ya,"Farhunnisa Kuswoyo, Public house manager di PT Ogilvy Indonesia, (0897) 911-7369, jarwa21@example.com","Puput Laksita, Therapist, sports di PT Ogilvy Indonesia, +62 (318) 826 3994, radityasaptono@example.net",,Kamila Damanik,Orang Tua,+62 88-8300-5416,Standar (9-17),Terbatas,Tidak,JobStreet,,Saya tertarik dengan posisi ini karena Aperiam nesciunt doloremque aliquid occaecati. dan ingin berkontribusi untuk kemajuan perusahaan.,Tujuan karir saya adalah Ipsum consequuntur ut explicabo aliquam corporis qui iste. dan mengembangkan keahlian dalam Facebook Ads.,Kepemimpinan,Delegasi,Islam,Duda/Janda,BPJS-50472404,,Raisa Jailani,26/05/2025,Ya,Ya
APP20250003,21/05/2025,Under Review,Baktianto,,Ramadan,,Male,21/05/1983,334773400966,Purwokerto,AB,017/010,09-09-2023,baktianto.ramadan@perum.net.id,+62 8-2623-3304,,Gang Erlangga No. 387,Bogor,Kepulauan Bangka Belitung,75948,Indonesia,https://linkedin.com/in/baktianto-ramadan-894,https://baktiantoramadan.com,Treasury Analyst,Keuangan,Magang,"Rp 10,028,494",Ya,02/07/2025,Segera,Permanent Resident,N/A,Tidak,Work from Office,8%,D3 (Diploma),Universitas Diponegoro,Ekonomi,,2016,3.7,,1-3 tahun,PT Bank Negara Indonesia,Press photographer,"Rp 8,814,948",PT Bank Mandiri,Claims inspector/assessor,PT Prudential Indonesia,"Designer, textile",Mencari Tantangan Baru,"Bahasa Inggris, Komunikasi, Compliance, PSAK",Problem Solving,,Certified Internal Auditor (CIA),"Bahasa Sunda, Arabic",Ya,,,Tidak,Ya,Ya,"Jumari Manullang, Producer, television/film/video di PT Prudential Indonesia, +62 (058) 246-2592, laksana77@example.com","Ghani Melani, Field trials officer di PT Prudential Indonesia, +62-515-914-0295, xpadmasari@example.net",,Kairav Saptono,Teman,+62 8-1418-1072,Mulai Pagi,Ya,Tidak,Recruiter,,Saya tertarik dengan posisi ini karena Odit culpa aliquid fuga sequi perferendis. dan ingin berkontribusi untuk kemajuan perusahaan.,Tujuan karir saya adalah Dicta eos debitis sapiente dolorem dolorem. dan mengembangkan keahlian dalam Bahasa Inggris.,Kerja Tim,Public Speaking,Islam,Duda/Janda,BPJS-87306023,11.338.841.2-250.366,Baktianto Ramadan,26/05/2025,Ya,Ya
APP20250004,15/04/2025,Under Review,Maida,Dacin,Agustina,Maida,Female,11/09/1963,116191852080,Banda Aceh,B,002/005,21-06-2022,maida.agustina@ud.ponpes.id,+62 87-5113-1658,,Jalan Tubagus Ismail No. 01,Batam,Aceh,08985,Indonesia,https://linkedin.com/in/maida-agustina-589,,Social Media Manager,Pemasaran,Magang,"Rp 15,126,311",Tidak,10/07/2025,2 minggu,Permanent Resident,N/A,Tidak,Work from Office,15%,S2 (Magister),Universitas Negeri Surabaya,Public Relations,,2019,,,5-8 tahun,PT BBDO Indonesia,Counselling psychologist,"Rp 13,161,087",PT Leo Burnett Indonesia,Animal nutritionist,PT Ogilvy Indonesia,Agricultural engineer,Mencari Tantangan Baru,"Manajemen Waktu, Email Marketing, Instagram Marketing, Google Analytics","Adobe Creative Suite, Adaptability, Google Ads",,Tidak ada,"English, Bahasa Batak",Ya,https://portfolio.maidaagustina.com,,Ya,Ya,Ya,"Liman Adriansyah, Research scientist (maths) di PT Ogilvy Indonesia, (0821) 702 5529, purwantoprasetyo@example.com","Bakda Prayoga, Podiatrist di PT Ogilvy Indonesia, +62-40-324-4712, qwacana@example.com","Makara Nuraini, Designer, multimedia di PT Ogilvy Indonesia, +62 (967) 443-7231, pradiptanabila@example.net",Imam Hartati,Saudara,+62 81-3128-4670,Jam Fleksibel,Ya,Tidak,LinkedIn,Darman Yolanda,Saya tertarik dengan posisi ini karena Laudantium beatae maxime voluptates at. dan ingin berkontribusi untuk kemajuan perusahaan.,Tujuan karir saya adalah Dolor quod maiores explicabo modi hic. dan mengembangkan keahlian dalam Adobe Creative Suite.,Komunikasi,Public Speaking,Buddha,Menikah,,,Maida Agustina,26/05/2025,Ya,Ya
APP20250005,21/04/2025,Interview Scheduled,Kartika,Mumpuni,Usada,,Female,23/05/1976,197665789158,Sawahlunto,O,002/013,04-03-2020,kartika.usada@pd.mil.id,+62 82-3268-3496,,Jalan Ciumbuleuit No. 02,Bogor,Kepulauan Riau,03573,Indonesia,https://linkedin.com/in/kartika-usada-187,,Academic Coordinator,Pendidikan,Contract,"Rp 6,760,011",Ya,15/07/2025,2 minggu,Permanent Resident,N/A,Tidak,Work from Office,37%,D3 (Diploma),Universitas Padjadjaran,Pendidikan Kimia,Pendidikan Guru Sekolah Dasar,2012,3.02,Wisudawan Terbaik,Entry Level,Binar Academy,Maintenance engineer,"Rp 6,961,135",Universitas Gadjah Mada,"Engineer, maintenance",Binar Academy,Printmaker,Pengembangan Karir,"Curriculum Development, Problem Solving, Student Assessment, Adaptability","Komunikasi, Learning Management Systems",,"Sertifikat Pendidik, TOEFL/IELTS Certificate","English, Bahasa Batak, Japanese, Mandarin",Ya,,,Ya,Tidak,Ya,"Teddy Wasita, Solicitor di Binar Academy, +62 (72) 555 4590, gadanggunarto@example.org","Humaira Dabukke, Sports coach di Universitas Indonesia, +62-017-762-0897, luluh14@example.net","Asmuni Oktaviani, Teacher, adult education di Binar Academy, +62 (0454) 596 6081, idawacana@example.net",Harja Winarno,Saudara,+62 89-8480-1752,Standar (9-17),Terbatas,Ya,LinkedIn,Alika Megantara,Saya tertarik dengan posisi ini karena Vel repellat illo impedit quod quasi. dan ingin berkontribusi untuk kemajuan perusahaan.,Tujuan karir saya adalah Odio aspernatur placeat iusto nostrum nostrum velit. dan mengembangkan keahlian dalam Adaptability.,Keahlian Teknis,Public Speaking,Katolik,Menikah,,61.327.941.7-300.201,Kartika Usada,26/05/2025,Ya,Ya
APP20250006,04/05/2025,Pending,Budi,Vino,Narpati,Budi,Male,02/09/1996,187178695900,Pariaman,A,009/005,29-03-2025,budi.narpati@pt.go.id,+62 87-2120-8573,,Jalan PHH. Mustofa No. 9,Batam,Aceh,07132,Indonesia,https://linkedin.com/in/budi-narpati-527,https://budinarpati.com,Academic Coordinator,Pendidikan,Contract,"Rp 25,963,967",Ya,09/06/2025,1 bulan,WNA dengan Work Permit,Work Permit,Tidak,Hybrid,18%,S2 (Magister),Universitas Padjadjaran,Pendidikan Guru Sekolah Dasar,Pendidikan Matematika,2014,3.18,Cum Laude,8-12 tahun,Hacktiv8,Data processing manager,"Rp 24,303,115",Ruangguru,Barrister,Universitas Indonesia,Architectural technologist,Pengembangan Karir,"Komunikasi, Academic Research, Adaptability, Analytical Thinking","Bahasa Inggris, Learning Management Systems",,Tidak ada,"Bahasa Jawa, Mandarin",Tidak,,,Tidak,Tidak,Ya,"Jasmani Pranowo, Nurse, learning disability di Hacktiv8, +62 (0192) 793-3065, htarihoran@example.org","Eka Haryanto, Actuary di Universitas Indonesia, +62 (43) 838-9914, himawanuwais@example.org",,Salman Wibowo,Teman,+62 81-6145-1806,Standar (9-17),Terbatas,Kadang-kadang,Website Perusahaan,Yuni Yolanda,Saya tertarik dengan posisi ini karena Ad similique pariatur voluptatibus rerum impedit occaecati. dan ingin berkontribusi untuk kemajuan perusahaan.,Tujuan karir saya adalah Magni aliquid quam in aut. dan mengembangkan keahlian dalam Bahasa Inggris.,Problem Solving,Public Speaking,Hindu,Duda/Janda,BPJS-37350977,30.807.247.3-166.223,Budi Narpati,26/05/2025,Ya,Ya
APP20250007,09/05/2025,Pending,Azalea,,Suryatmi,,Female,03/07/1980,178572851338,Jambi,-,012/001,16-04-2020,azalea.suryatmi@perum.desa.id,+62 88-2685-7110,+62 87-4966-5897,Jl. Gegerkalong Hilir No. 3,Medan,Maluku Utara,24972,Indonesia,https://linkedin.com/in/azalea-suryatmi-140,,Mobile App Developer,Teknologi,Part-time,"Rp 7,359,131",Ya,20/06/2025,2 bulan,WNI (Warga Negara Indonesia),N/A,Dalam kota saja,Work from Office,49%,S1 (Sarjana),Universitas Tarumanagara,Teknik Elektro,,2020,,,1-3 tahun,PT Telkom Indonesia,Broadcast engineer,"Rp 7,111,144",Kitabisa,"Scientist, forensic",Blibli,Risk analyst,Pengembangan Karir,"Scrum, SQL, Git, MongoDB",REST APIs,"R, Java, JavaScript, PHP",Tidak ada,"Japanese, Mandarin, English, Bahasa Bali",Ya,,,Tidak,Tidak,Ya,"Prayogo Usada, Designer, television/film set di Blibli, +62 (67) 045 8864, wijayapangestu@example.net","Johan Mandasari, Therapist, drama di Kitabisa, +62 (062) 066 1249, puji92@example.org","Hasta Hastuti, Museum/gallery exhibitions officer di Kitabisa, (090) 724 5458, ylaksita@example.net",Virman Hakim,Saudara,+62 89-4580-4473,Jam Fleksibel,Ya,Kadang-kadang,Recruiter,,Saya tertarik dengan posisi ini karena Impedit quia sequi. dan ingin berkontribusi untuk kemajuan perusahaan.,Tujuan karir saya adalah Aspernatur nam similique temporibus quo. dan mengembangkan keahlian dalam MongoDB.,Keahlian Teknis,Delegasi,Kristen,Belum Menikah,BPJS-14300951,,Azalea Suryatmi,26/05/2025,Ya,Ya
APP20250008,02/04/2025,Interview Scheduled,Aditya,,Nuraini,Aditya,Male,06/12/2002,149020190963,Surakarta,-,012/010,15-11-2019,aditya.nuraini@ud.go.id,+62 87-3490-3836,,Jalan Merdeka No. 172,Padang,Kalimantan Timur,69096,Indonesia,https://linkedin.com/in/aditya-nuraini-566,https://adityanuraini.com,Dosen,Pendidikan,Magang,"Rp 17,830,231",Ya,15/06/2025,2 minggu,WNA dengan Work Permit,Work Permit,Dalam kota saja,Fleksibel,7%,S2 (Magister),Universitas Gadjah Mada,Pendidikan Guru Sekolah Dasar,,2021,3.13,,5-8 tahun,Skill Academy,Management consultant,"Rp 18,084,436",Zenius,"Engineer, site",Skill Academy,Information officer,Restrukturisasi Perusahaan,"Adaptability, Komunikasi, Curriculum Development, Student Assessment","Learning Management Systems, Classroom Management",,"Microsoft Office Specialist, TOEFL/IELTS Certificate","Bahasa Bali, Bahasa Jawa",Tidak,,,Ya,Tidak,Ya,"Puji Habibi, Designer, industrial/product di Zenius, (0114) 046 8497, kawayaramadan@example.net","Cinta Uyainah, Barrister di Ruangguru, +62 (64) 614-7387, lanangmustofa@example.net",,Lintang Mangunsong,Saudara,+62 8-6957-5197,Jam Fleksibel,Terbatas,Tidak,Karir.com,,Saya tertarik dengan posisi ini karena Perferendis saepe cupiditate aliquid deleniti harum omnis. dan ingin berkontribusi untuk kemajuan perusahaan.,Tujuan karir saya adalah Culpa quos tempore eum commodi quos. dan mengembangkan keahlian dalam Learning Management Systems.,Kerja Tim,Delegasi,Lainnya,Menikah,BPJS-99613059,,Aditya Nuraini,26/05/2025,Ya,Ya
APP20250009,15/05/2025,Under Review,Kawaca,,Prayoga,Kawaca,Male,27/05/1963,326997714272,Samarinda,B,019/002,07-01-2022,kawaca.prayoga@pd.id,+62 81-9480-3379,,Gg. Cempaka No. 21,Banjarmasin,Kalimantan Utara,55645,Indonesia,https://linkedin.com/in/kawaca-prayoga-772,,Clinical Research Coordinator,Kesehatan,Contract,"Rp 6,894,070",Ya,27/05/2025,2 minggu,Permanent Resident,N/A,Ya,Work from Office,47%,S1 (Sarjana),Universitas Sebelas Maret,Kesehatan Masyarakat,,2019,3.93,,Entry Level,RS Pondok Indah,Actuary,"Rp 6,101,461",RS Fatmawati,"Surveyor, quantity",PT Kimia Farma,Customer service manager,Peluang Lebih Baik,"Privacy Compliance, Patient Care, Bahasa Inggris, Electronic Health Records","Adaptability, Manajemen Waktu",,"BLS Certification, SIP (Surat Ijin Praktik), ACLS Certification","Arabic, English, Mandarin",Ya,,,Tidak,Ya,Ya,"Sari Hutapea, Scientist, audiological di RS Fatmawati, 081 147 7110, qtarihoran@example.org","Candrakanta Namaga, Print production planner di RS Fatmawati, 0875329590, mardhiyahjais@example.com","Tami Maryadi, Teacher, music di RS Fatmawati, (078) 457 2406, mariadi40@example.com",Catur Tarihoran,Suami/Istri,+62 89-3218-9316,Jam Fleksibel,Tidak,Tidak,Website Perusahaan,,Saya tertarik dengan posisi ini karena Odit fugiat omnis eligendi. dan ingin berkontribusi untuk kemajuan perusahaan.,Tujuan karir saya adalah Minima consectetur voluptate eius blanditiis eum. dan mengembangkan keahlian dalam Patient Care.,Kepemimpinan,Perfeksionis,Hindu,Menikah,BPJS-33465474,92.491.934.4-111.594,Kawaca Prayoga,26/05/2025,Ya,Ya
APP20250010,03/04/2025,Under Review,Leo,Rahman,Pratama,,Male,18/09/1976,345250864329,Bima,-,017/012,26-07-2018,leo.pratama@pt.mil.id,+62 8-6526-8502,,Jalan Kiaracondong No. 20,Banjarmasin,Kalimantan Selatan,85364,Indonesia,https://linkedin.com/in/leo-pratama-239,,Guru SMP,Pendidikan,Full-time,"Rp 32,094,319",Ya,06/06/2025,1 bulan,Permanent Resident,N/A,Dalam kota saja,Hybrid,45%,S2 (Magister),Universitas Negeri Surabaya,Pendidikan Matematika,,2013,3.96,,8-12 tahun,Hacktiv8,Media buyer,"Rp 31,784,651",Skill Academy,"Sound technician, broadcasting/film/video",Zenius,Personnel officer,Relokasi,"Adaptability, Kepemimpinan, Teaching, Classroom Management","Analytical Thinking, Manajemen Waktu, Curriculum Development",,"TOEFL/IELTS Certificate, Microsoft Office Specialist","Bahasa Bali, Bahasa Jawa, Arabic, Bahasa Indonesia (Native)",Tidak,,,Ya,Ya,Ya,"Chelsea Firgantoro, Publishing rights manager di Zenius, +62 (0320) 767 4080, dimasnasyidah@example.org","Ifa Pudjiastuti, Retail manager di Ruangguru, (0717) 053-1106, winarnonyoman@example.net",,Vino Natsir,Suami/Istri,+62 85-7234-6096,Mulai Siang,Terbatas,Ya,LinkedIn,,Saya tertarik dengan posisi ini karena Saepe doloribus quam quidem quo. dan ingin berkontribusi untuk kemajuan perusahaan.,Tujuan karir saya adalah Placeat beatae voluptatum hic dolorum placeat corrupti. dan mengembangkan keahlian dalam Kepemimpinan.,Komunikasi,Public Speaking,Islam,Menikah,BPJS-47812437,,Leo Pratama,26/05/2025,Ya,Ya
APP20250011,13/04/2025,Interview Scheduled,Prayoga,Rika,Prayoga,Prayoga,Male,30/06/2000,146311895709,Surabaya,B,015/003,07-01-2022,prayoga.prayoga@pd.my.id,+62 85-8544-5290,,Gg. Cihampelas No. 3,Makassar,Sulawesi Selatan,56196,Indonesia,https://linkedin.com/in/prayoga-prayoga-494,https://prayogaprayoga.com,QA Engineer,Teknologi,Part-time,"Rp 6,852,196",Tidak,09/07/2025,2 minggu,WNI (Warga Negara Indonesia),N/A,Dalam kota saja,Hybrid,34%,S1 (Sarjana),Universitas Sebelas Maret,Matematika,Sistem Informasi,2012,,,Entry Level,Ruangguru,Financial planner,"Rp 6,137,740",Zenius,"Editor, magazine features",Shopee Indonesia,Advertising art director,Peluang Lebih Baik,"AWS, JavaScript, Kepemimpinan, Bahasa Inggris",MongoDB,"Java, JavaScript","AWS Certified Solutions Architect, Cisco Certified, Oracle Certified","Bahasa Sunda, Arabic, Mandarin, English",Tidak,,https://github.com/prayogaprayoga42,Ya,Ya,Ya,"Kunthara Nainggolan, Product designer di Blibli, (0051) 424-9285, tsihombing@example.org","Gambira Sitorus, Engineer, technical sales di Blibli, +62-52-207-0647, andrianimahdi@example.org","Mursinin Suryono, Editor, commissioning di Shopee Indonesia, 084 413 7617, ifa45@example.com",Darsirah Pratama,Suami/Istri,+62 85-1896-7710,Mulai Pagi,Terbatas,Tidak,Referensi,Cager Mandasari,Saya tertarik dengan posisi ini karena Eligendi commodi dolorem optio quam quae. dan ingin berkontribusi untuk kemajuan perusahaan.,Tujuan karir saya adalah Nemo magni molestias minima debitis voluptatem quasi eius. dan mengembangkan keahlian dalam Kepemimpinan.,Kerja Tim,Delegasi,Konghucu,Menikah,,48.469.567.8-162.113,Prayoga Prayoga,26/05/2025,Ya,Ya
APP20250012,05/04/2025,Under Review,Janet,Baktianto,Marbun,Janet,Female,22/11/1991,119031256301,Singkawang,-,002/014,12-03-2024,janet.marbun@ud.org,+62 85-9194-5655,,Gang Ronggowarsito No. 332,Yogyakarta,Sumatera Barat,78200,Indonesia,https://linkedin.com/in/janet-marbun-757,,Tax Specialist,Keuangan,Contract,"Rp 5,897,723",Tidak,14/06/2025,2 bulan,WNI (Warga Negara Indonesia),N/A,Ya,Fully Remote,15%,D3 (Diploma),Universitas Diponegoro,Ekonomi,,2017,3.14,,Entry Level,PT Bank Rakyat Indonesia,Brewing technologist,"Rp 6,262,003",PT Asuransi Jiwasraya,Animal technologist,PT Bank Negara Indonesia,Patent attorney,Relokasi,"Analytical Thinking, Kepemimpinan, Adaptability, Excel","Manajemen Waktu, PSAK, Risk Analysis, Compliance",,Certified Internal Auditor (CIA),"Bahasa Sunda, English, Bahasa Jawa, Japanese",Ya,,,Tidak,Ya,Ya,"Jamal Hastuti, Arts development officer di PT Asuransi Jiwasraya, +62 (0581) 322-9806, fitria24@example.net","Budi Prayoga, Careers adviser di PT Asuransi Jiwasraya, +62-63-165-9183, tirtayasausamah@example.com","Estiawan Yolanda, Educational psychologist di PT Asuransi Jiwasraya, +62 (061) 904 6653, janesudiati@example.net",Bagya Kuswoyo,Teman,+62 87-8339-1552,Standar (9-17),Tidak,Ya,Website Perusahaan,Dewi Uyainah,Saya tertarik dengan posisi ini karena Aliquid incidunt dolores asperiores molestiae ex. dan ingin berkontribusi untuk kemajuan perusahaan.,Tujuan karir saya adalah Animi expedita reiciendis et. dan mengembangkan keahlian dalam Manajemen Waktu.,Kerja Tim,Perfeksionis,Katolik,Menikah,,72.813.693.9-229.653,Janet Marbun,26/05/2025,Ya,Ya
APP20250013,11/05/2025,Under Review,Bakda,,Hidayat,Bakda,Male,12/05/1963,216426636245,Bengkulu,B,004/009,25-12-2023,bakda.hidayat@pd.web.id,+62 82-3920-4296,,Gang Tubagus Ismail No. 39,Malang,Sulawesi Barat,25172,Indonesia,https://linkedin.com/in/bakda-hidayat-588,,Brand Manager,Pemasaran,Full-time,"Rp 16,447,800",Ya,11/08/2025,2 bulan,WNA dengan Work Permit,Work Permit,Dalam kota saja,Hybrid,7%,S1 (Sarjana),Universitas Udayana,Ilmu Komunikasi,,2022,,,5-8 tahun,PT BBDO Indonesia,Tax adviser,"Rp 17,173,263",PT Dentsu Indonesia,"Education officer, community",PT Leo Burnett Indonesia,"Copywriter, advertising",Restrukturisasi Perusahaan,"Bahasa Inggris, A/B Testing, Email Marketing, SEO/SEM","Problem Solving, Adaptability, Kepemimpinan",,"HubSpot Content Marketing, Google Analytics Certified, Facebook Blueprint Certified","Japanese, Bahasa Minang",Ya,https://portfolio.bakdahidayat.com,,Ya,Ya,Ya,"Eva Siregar, Therapeutic radiographer di PT Dentsu Indonesia, 0826044627, zeldanovitasari@example.org","Sakti Pradana, Publishing rights manager di PT Dentsu Indonesia, +62-0080-549-8956, wage00@example.org",,Martaka Saputra,Orang Tua,+62 8-6496-2258,Jam Fleksibel,Tidak,Kadang-kadang,Referensi,,Saya tertarik dengan posisi ini karena Accusantium repellendus similique sed veniam unde unde quidem. dan ingin berkontribusi untuk kemajuan perusahaan.,Tujuan karir saya adalah Maxime quas maxime pariatur quam aspernatur. dan mengembangkan keahlian dalam Adaptability.,Kerja Tim,Manajemen Waktu,Hindu,Belum Menikah,,,Bakda Hidayat,26/05/2025,Ya,Ya
APP20250014,20/05/2025,Under Review,Aswani,,Pranowo,,Male,27/08/1974,343438634326,Bau-Bau,-,020/006,18-09-2022,aswani.pranowo@pd.org,+62 82-9194-2423,+62 87-6675-4500,Gg. Raya Ujungberung No. 4,Surabaya,Papua,63550,Indonesia,https://linkedin.com/in/aswani-pranowo-160,,Digital Marketing Manager,Pemasaran,Full-time,"Rp 6,842,715",Tidak,24/07/2025,Segera,WNA dengan Work Permit,Work Permit,Dalam kota saja,Work from Office,9%,D3 (Diploma),Institut Teknologi Bandung,Advertising,,2011,3.2,,Entry Level,PT Dentsu Indonesia,Fashion designer,"Rp 6,788,091",PT DDB Indonesia,Careers adviser,PT BBDO Indonesia,Estate agent,Relokasi,"SEO/SEM, TikTok Marketing, Facebook Ads, Email Marketing","Komunikasi, Adaptability, Social Media Marketing, Kepemimpinan",,"Google Ads Certified, Facebook Blueprint Certified, HubSpot Content Marketing","Bahasa Minang, Arabic, Bahasa Indonesia (Native)",Tidak,https://portfolio.aswanipranowo.com,,Ya,Ya,Ya,"Bala Dongoran, Probation officer di PT BBDO Indonesia, +62 (027) 777 7025, wahyunimustika@example.net","Paramita Hidayanto, Therapist, music di PT Ogilvy Indonesia, +62 (486) 007 7373, ssuryono@example.com","Ridwan Maryati, Surveyor, hydrographic di PT BBDO Indonesia, +62 (0673) 048-7798, rahmat49@example.org",Puji Farida,Teman,+62 88-1560-6999,Mulai Pagi,Tidak,Tidak,Job Fair,Sabar Mayasari,Saya tertarik dengan posisi ini karena Dolor error veritatis sed eos. dan ingin berkontribusi untuk kemajuan perusahaan.,Tujuan karir saya adalah Modi doloremque doloremque culpa iste. dan mengembangkan keahlian dalam Social Media Marketing.,Komunikasi,Delegasi,Kristen,Duda/Janda,BPJS-74064400,,Aswani Pranowo,26/05/2025,Ya,Ya
APP20250015,06/04/2025,Interview Scheduled,Citra,,Budiyanto,,Female,29/08/1973,129329802695,Kota Administrasi Jakarta Selatan,B,020/002,27-07-2023,citra.budiyanto@perum.co.id,+62 81-1196-1074,+62 8-3933-1102,Gang Jayawijaya No. 439,Bogor,Riau,41072,Indonesia,https://linkedin.com/in/citra-budiyanto-690,,Medical Technologist,Kesehatan,Full-time,"Rp 20,435,141",Ya,08/06/2025,2 minggu,WNA dengan Work Permit,Work Permit,Dalam kota saja,Hybrid,36%,S1 (Sarjana),Universitas Lampung,Kedokteran,,2020,,,5-8 tahun,RS Fatmawati,"Engineer, building services","Rp 20,002,826",Siloam Hospitals,Risk manager,RS Cipto Mangunkusumo,Photographer,Pengembangan Karir,"Adaptability, Patient Care, Privacy Compliance, Electronic Health Records","Komunikasi, Medical Terminology",,BLS Certification,"Bahasa Bali, Bahasa Sunda, Bahasa Batak",Tidak,,,Ya,Ya,Ya,"Kanda Yolanda, Actor di RS Cipto Mangunkusumo, +62-969-607-3191, keisha69@example.org","Maman Yulianti, Land/geomatics surveyor di RS Cipto Mangunkusumo, (057) 951-4053, samiah10@example.org","Cici Pradana, Psychologist, clinical di Mayapada Healthcare, +62 (094) 898-2082, nugrohoyoga@example.com",Yunita Ardianto,Teman,+62 82-1431-6500,Jam Fleksibel,Terbatas,Ya,Referensi,,Saya tertarik dengan posisi ini karena Veritatis minus neque totam quod consectetur. dan ingin berkontribusi untuk kemajuan perusahaan.,Tujuan karir saya adalah Quidem magni culpa ab accusamus iusto. dan mengembangkan keahlian dalam Komunikasi.,Kepemimpinan,Manajemen Waktu,Islam,Belum Menikah,,56.142.290.9-245.886,Citra Budiyanto,26/05/2025,Ya,Ya
APP20250016,11/05/2025,Pending,Dartono,,Maulana,,Male,23/08/1971,144212476333,Surakarta,AB,013/015,09-10-2017,dartono.maulana@perum.desa.id,+62 81-1777-8418,,Gg. Yos Sudarso No. 81,Bandung,Jambi,90855,Indonesia,https://linkedin.com/in/dartono-maulana-134,,Medical Technologist,Kesehatan,Magang,"Rp 11,034,917",Ya,24/06/2025,2 bulan,WNA dengan Work Permit,Work Permit,Tidak,Fleksibel,48%,S1 (Sarjana),Universitas Tarumanagara,Radiologi,,2012,,,1-3 tahun,Siloam Hospitals,Hospital doctor,"Rp 10,026,598",PT Kimia Farma,Catering manager,RS Pondok Indah,Rural practice surveyor,Pengembangan Karir,"Medical Terminology, Clinical Documentation, Electronic Health Records, Patient Care","Patient Safety, Emergency Care",,BLS Certification,"Bahasa Jawa, Bahasa Minang, Bahasa Batak, Mandarin",Ya,,,Ya,Tidak,Ya,"Lukman Napitupulu, Banker di PT Kimia Farma, +62-887-548-3578, suryonoraditya@example.com","Pangestu Zulaika, Company secretary di PT Kimia Farma, +62-0160-325-7994, restu35@example.net","Galuh Siregar, Operational investment banker di RS Persahabatan, +62 (0143) 553-3175, waskitaprima@example.org",Dacin Pudjiastuti,Teman,+62 87-4903-5066,Mulai Siang,Ya,Ya,Website Perusahaan,,Saya tertarik dengan posisi ini karena Alias tenetur vero voluptates. dan ingin berkontribusi untuk kemajuan perusahaan.,Tujuan karir saya adalah Asperiores dicta consequuntur fuga quae quos. dan mengembangkan keahlian dalam Medical Terminology.,Keahlian Teknis,Public Speaking,Lainnya,Duda/Janda,,,Dartono Maulana,26/05/2025,Ya,Ya
APP20250017,04/05/2025,Pending,Sadina,,Prayoga,,Female,24/03/1996,174273379108,Balikpapan,B,016/015,22-09-2018,sadina.prayoga@pd.mil.id,+62 85-3933-7981,,Jalan Cihampelas No. 51,Denpasar,Kepulauan Bangka Belitung,36381,Indonesia,https://linkedin.com/in/sadina-prayoga-933,https://sadinaprayoga.com,Business Development Manager,Bisnis,Magang,"Rp 22,058,376",Ya,07/06/2025,1 bulan,WNI (Warga Negara Indonesia),N/A,Ya,Work from Office,48%,S2 (Magister),Universitas Pendidikan Indonesia,Ekonomi,Administrasi Bisnis,2020,,Wisudawan Terbaik,5-8 tahun,PT Unilever Indonesia,Chartered management accountant,"Rp 21,031,632",PT Pertamina,Higher education lecturer,PT Bank Rakyat Indonesia,Financial manager,Pengembangan Karir,"CRM, Manajemen Waktu, PowerBI, Adaptability","Excel, Data Analysis, Bahasa Inggris",,"Certified Business Analyst, Six Sigma Black Belt","Arabic, Japanese, English, Bahasa Sunda",Ya,,,Tidak,Tidak,Ya,"Nilam Maryati, Quality manager di PT Pertamina, +62 (089) 967 5477, yuliartibella@example.net","Raditya Zulkarnain, Nurse, mental health di PT Astra International, +62 (0879) 871-8083, wbudiman@example.net",,Yance Mangunsong,Saudara,+62 8-6445-9080,Standar (9-17),Tidak,Kadang-kadang,Karir.com,,Saya tertarik dengan posisi ini karena Blanditiis exercitationem quibusdam libero odit enim. dan ingin berkontribusi untuk kemajuan perusahaan.,Tujuan karir saya adalah Rerum veniam eligendi culpa ex at quo. dan mengembangkan keahlian dalam Manajemen Waktu.,Kepemimpinan,Delegasi,Buddha,Menikah,,,Sadina Prayoga,26/05/2025,Ya,Ya
APP20250018,20/04/2025,Pending,Raisa,Dian,Marpaung,,Female,04/11/2001,127814493657,Manado,AB,003/004,28-12-2021,raisa.marpaung@pd.go.id,+62 89-7554-7290,+62 85-5481-8344,Gg. Raya Setiabudhi No. 227,Depok,Sumatera Selatan,33850,Indonesia,https://linkedin.com/in/raisa-marpaung-387,,Account Manager,Bisnis,Contract,"Rp 5,077,232",Ya,16/06/2025,1 bulan,Permanent Resident,N/A,Ya,Work from Office,14%,S1 (Sarjana),Universitas Atmajaya,Ekonomi,,2019,3.73,,Entry Level,PT Bank Mandiri,"Scientist, water quality","Rp 5,314,963",PT Gudang Garam,Youth worker,PT Astra International,Cartographer,Relokasi,"Data Analysis, Adaptability, CRM, Salesforce","Komunikasi, Bahasa Inggris, Process Optimization",,Six Sigma Black Belt,"Bahasa Minang, Bahasa Jawa, Mandarin, Arabic",Ya,,,Tidak,Tidak,Ya,"Daryani Wijayanti, Dietitian di PT Astra International, +62 (044) 126 7681, wasitalili@example.com","Darmaji Pradana, Phytotherapist di PT Bank Central Asia, +62-01-693-9135, akarsana49@example.com","Estiono Waluyo, Office manager di PT Gudang Garam, 0804865082, sihombingperkasa@example.net",Wakiman Hardiansyah,Teman,+62 87-5099-7211,Mulai Pagi,Terbatas,Tidak,Job Fair,,Saya tertarik dengan posisi ini karena Voluptatem officiis voluptates quae eius inventore nam animi. dan ingin berkontribusi untuk kemajuan perusahaan.,Tujuan karir saya adalah Quo amet quaerat atque possimus. dan mengembangkan keahlian dalam CRM.,Keahlian Teknis,Public Speaking,Katolik,Menikah,,41.722.200.9-607.554,Raisa Marpaung,26/05/2025,Ya,Ya
APP20250019,16/04/2025,Interview Scheduled,Ivan,Cawisadi,Hutasoit,Ivan,Male,13/03/1992,199183496863,Tebingtinggi,O,005/014,28-06-2021,ivan.hutasoit@pt.gov,+62 88-2600-4062,,Jl. Pasirkoja No. 032,Padang,Kalimantan Selatan,86777,Indonesia,https://linkedin.com/in/ivan-hutasoit-318,https://ivanhutasoit.com,Marketing Analytics Manager,Pemasaran,Magang,"Rp 17,403,977",Ya,27/05/2025,1 bulan,Permanent Resident,N/A,Ya,Hybrid,26%,S2 (Magister),Universitas Indonesia,Digital Marketing,,2015,,,5-8 tahun,PT Leo Burnett Indonesia,Barrister's clerk,"Rp 16,851,264",PT DDB Indonesia,Chief Strategy Officer,PT BBDO Indonesia,"Conservation officer, nature",Pengembangan Karir,"Content Creation, TikTok Marketing, Analytical Thinking, A/B Testing","Google Analytics, Social Media Marketing",,Tidak ada,"Arabic, Bahasa Indonesia (Native)",Ya,,,Ya,Tidak,Ya,"Balangga Usamah, Sports development officer di PT DDB Indonesia, +62 (232) 859-2970, utamidamar@example.org","Ellis Santoso, Buyer, retail di PT DDB Indonesia, +62-0231-562-1697, laksitamichelle@example.net","Nadia Latupono, Psychotherapist di PT Dentsu Indonesia, (083) 786 2577, suryonotari@example.org",Martaka Haryanto,Saudara,+62 8-2996-4563,Standar (9-17),Ya,Ya,JobStreet,Agnes Sinaga,Saya tertarik dengan posisi ini karena Excepturi possimus praesentium ut eligendi asperiores consequatur rerum. dan ingin berkontribusi untuk kemajuan perusahaan.,Tujuan karir saya adalah Repellat earum blanditiis cupiditate quos. dan mengembangkan keahlian dalam A/B Testing.,Kerja Tim,Manajemen Waktu,Islam,Belum Menikah,,,Ivan Hutasoit,26/05/2025,Ya,Ya
APP20250020,26/04/2025,Pending,Jumari,Atmaja,Wibisono,Jumari,Male,20/02/1977,151841259518,Cimahi,A,006/002,06-05-2023,jumari.wibisono@ud.biz.id,+62 81-1118-3525,,Gang PHH. Mustofa No. 5,Bekasi,DKI Jakarta,85429,Indonesia,https://linkedin.com/in/jumari-wibisono-596,,Tax Specialist,Keuangan,Full-time,"Rp 7,378,209",Tidak,24/06/2025,Segera,WNI (Warga Negara Indonesia),N/A,Ya,Hybrid,1%,S1 (Sarjana),Universitas Diponegoro,Asuransi,,2020,,,1-3 tahun,PT Bank Mandiri,Risk analyst,"Rp 7,367,185",PT Bank Danamon,Chartered legal executive (England and Wales),PT Bank Rakyat Indonesia,Hydrologist,Pengembangan Karir,"SAP, Adaptability, Forecasting, Financial Modeling","Compliance, QuickBooks, Problem Solving, Kepemimpinan",,"Certified Public Accountant (CPA), Certified Internal Auditor (CIA)","Bahasa Batak, Bahasa Indonesia (Native), Bahasa Sunda",Ya,,,Tidak,Ya,Ya,"Gandi Melani, Air cabin crew di PT Bank CIMB Niaga, (0201) 629 0139, kaylautami@example.com","Gandewa Rajasa, Conservation officer, nature di PT Bank CIMB Niaga, (077) 138 8724, puspitaharsana@example.net",,Karma Astuti,Suami/Istri,+62 8-2605-8489,Standar (9-17),Tidak,Tidak,LinkedIn,Saka Sihotang,Saya tertarik dengan posisi ini karena Beatae expedita dolorem officiis. dan ingin berkontribusi untuk kemajuan perusahaan.,Tujuan karir saya adalah Nemo quod quisquam. dan mengembangkan keahlian dalam SAP.,Problem Solving,Public Speaking,Islam,Duda/Janda,,,Jumari Wibisono,26/05/2025,Ya,Ya
APP20250021,11/04/2025,Pending,Salsabila,Cakrawangsa,Sihombing,Salsabila,Female,25/06/1979,171997704825,Tarakan,AB,020/001,15-08-2015,salsabila.sihombing@cv.sch.id,+62 87-8799-6164,,Gg. Tebet Barat Dalam No. 4,Semarang,Bali,41622,Indonesia,https://linkedin.com/in/salsabila-sihombing-724,https://salsabilasihombing.com,Asisten Medis,Kesehatan,Full-time,"Rp 6,953,514",Ya,10/07/2025,1 bulan,Permanent Resident,N/A,Dalam Pulau Jawa saja,Fully Remote,33%,S1 (Sarjana),Universitas Hasanuddin,Kesehatan Masyarakat,,2023,3.76,,Entry Level,PT Kalbe Farma,Senior tax professional/tax inspector,"Rp 5,578,810",Mayapada Healthcare,Financial controller,Siloam Hospitals,Passenger transport manager,Peluang Lebih Baik,"Analytical Thinking, Clinical Documentation, Adaptability, Electronic Health Records","Manajemen Waktu, Problem Solving",,BLS Certification,"Arabic, Bahasa Bali, Bahasa Minang, Bahasa Batak",Tidak,,,Tidak,Tidak,Ya,"Rahmi Nasyidah, Automotive engineer di PT Kalbe Farma, (0512) 362-3765, opung68@example.org","Melinda Oktaviani, Tax inspector di Mayapada Healthcare, +62 (0144) 607-2983, onugroho@example.org","Enteng Halim, Licensed conveyancer di PT Kalbe Farma, 0890330844, karsa04@example.net",Ridwan Laksita,Teman,+62 82-1577-7338,Mulai Pagi,Ya,Ya,Job Fair,,Saya tertarik dengan posisi ini karena Corrupti molestias ex vitae earum qui. dan ingin berkontribusi untuk kemajuan perusahaan.,Tujuan karir saya adalah Ipsa corporis incidunt natus rerum repellat. dan mengembangkan keahlian dalam Electronic Health Records.,Kepemimpinan,Manajemen Waktu,Konghucu,Belum Menikah,,,Salsabila Sihombing,26/05/2025,Ya,Ya
APP20250022,18/05/2025,Under Review,Sidiq,Nadia,Hastuti,Sidiq,Male,12/02/1980,111191872589,Jambi,O,009/010,01-02-2016,sidiq.hastuti@perum.or.id,+62 88-8331-6956,,Jalan K.H. Wahid Hasyim No. 5,Surabaya,Sulawesi Tengah,90077,Indonesia,https://linkedin.com/in/sidiq-hastuti-992,https://sidiqhastuti.com,Perawat,Kesehatan,Part-time,"Rp 6,039,800",Ya,14/06/2025,Segera,Permanent Resident,N/A,Dalam Pulau Jawa saja,Hybrid,8%,S1 (Sarjana),Universitas Indonesia,Radiologi,Fisioterapi,2022,3.61,,Entry Level,PT Bio Farma,Insurance risk surveyor,"Rp 5,293,480",RS Fatmawati,Medical secretary,PT Bio Farma,Glass blower/designer,Relokasi,"Patient Care, Electronic Health Records, Problem Solving, Medical Terminology","Kepemimpinan, Manajemen Waktu",,"STR (Surat Tanda Registrasi), SIP (Surat Ijin Praktik)","Japanese, English",Tidak,,,Tidak,Tidak,Ya,"Gaiman Hidayanto, Herpetologist di PT Bio Farma, +62 (059) 117 3549, znovitasari@example.org","Tari Wulandari, Conservation officer, nature di RS Fatmawati, 080 315 4540, esiregar@example.com","Candra Kusmawati, Risk analyst di RS Fatmawati, (0670) 567 6792, ajiminiswahyudi@example.org",Latif Anggraini,Teman,+62 85-3548-1758,Mulai Siang,Tidak,Kadang-kadang,Website Perusahaan,,Saya tertarik dengan posisi ini karena Labore iure quas alias rem ipsum. dan ingin berkontribusi untuk kemajuan perusahaan.,Tujuan karir saya adalah Velit velit aliquam accusamus. dan mengembangkan keahlian dalam Manajemen Waktu.,Komunikasi,Perfeksionis,Islam,Belum Menikah,BPJS-71396910,16.447.735.8-558.119,Sidiq Hastuti,26/05/2025,Ya,Ya
APP20250023,20/04/2025,Pending,Dina,,Mayasari,,Female,04/05/1982,213692203378,Banda Aceh,AB,013/009,25-05-2017,dina.mayasari@ud.co.id,+62 89-4971-8074,,Gang Jend. A. Yani No. 731,Banjarmasin,Kalimantan Barat,20161,Indonesia,https://linkedin.com/in/dina-mayasari-565,https://dinamayasari.com,Medical Technologist,Kesehatan,Full-time,"Rp 37,266,759",Tidak,18/06/2025,2 minggu,WNA dengan Work Permit,Work Permit,Dalam Pulau Jawa saja,Hybrid,40%,S3 (Doktor),Universitas Sriwijaya,Keperawatan,,2018,3.53,Magna Cum Laude,12+ tahun,RS Fatmawati,Translator,"Rp 32,395,104",RS Pondok Indah,Arts administrator,PT Bio Farma,Community development worker,Mencari Tantangan Baru,"Adaptability, Medical Terminology, Emergency Care, Analytical Thinking",Medical Records,,"ACLS Certification, SIP (Surat Ijin Praktik), STR (Surat Tanda Registrasi)","Mandarin, Japanese, English, Arabic",Ya,,,Ya,Tidak,Ya,"Mahmud Usada, Solicitor, Scotland di RS Persahabatan, +62 (054) 077-8243, hidayantowardaya@example.org","Wadi Uwais, Engineer, materials di PT Bio Farma, 0871528951, daru02@example.com","Jabal Anggriawan, Geophysicist/field seismologist di RS Persahabatan, +62 (39) 191-5687, pnapitupulu@example.net",Latika Anggraini,Saudara,+62 87-2271-4963,Standar (9-17),Terbatas,Kadang-kadang,Job Fair,Jaya Nainggolan,Saya tertarik dengan posisi ini karena Illum optio consequuntur. dan ingin berkontribusi untuk kemajuan perusahaan.,Tujuan karir saya adalah Nostrum libero consectetur assumenda deserunt beatae. dan mengembangkan keahlian dalam Adaptability.,Kepemimpinan,Manajemen Waktu,Islam,Duda/Janda,,48.364.646.4-725.891,Dina Mayasari,26/05/2025,Ya,Ya
APP20250024,11/05/2025,Interview Scheduled,Murti,,Santoso,Murti,Male,10/07/2000,188837979436,Jayapura,B,014/007,17-11-2016,murti.santoso@perum.id,+62 81-6861-4007,+62 88-1442-7667,Gang BKR No. 427,Banjarmasin,Kepulauan Riau,42093,Indonesia,https://linkedin.com/in/murti-santoso-671,,Radiographer,Kesehatan,Full-time,"Rp 32,991,820",Tidak,19/08/2025,1 bulan,WNA dengan Work Permit,Work Permit,Dalam kota saja,Fleksibel,6%,S1 (Sarjana),Universitas Gadjah Mada,Radiologi,,2023,,,8-12 tahun,RS Persahabatan,Armed forces operational officer,"Rp 33,080,623",RS Persahabatan,"Scientist, research (physical sciences)",Siloam Hospitals,Freight forwarder,Restrukturisasi Perusahaan,"Komunikasi, Problem Solving, Manajemen Waktu, Emergency Care","Patient Care, Analytical Thinking, Clinical Documentation",,"BLS Certification, STR (Surat Tanda Registrasi)","Bahasa Bali, Bahasa Minang",Tidak,,,Tidak,Tidak,Ya,"Ulya Farida, Chief Financial Officer di RS Persahabatan, +62-701-148-2233, bakiadi69@example.net","Adiarja Uyainah, Higher education careers adviser di PT Kalbe Farma, +62-60-307-0929, tina02@example.org","Laswi Dongoran, Tour manager di PT Kalbe Farma, 087 844 8020, yancesetiawan@example.net",Daru Wahyudin,Saudara,+62 81-5469-3772,Standar (9-17),Terbatas,Kadang-kadang,JobStreet,,Saya tertarik dengan posisi ini karena At veritatis error at vel praesentium. dan ingin berkontribusi untuk kemajuan perusahaan.,Tujuan karir saya adalah Id debitis corporis nam nisi laboriosam placeat. dan mengembangkan keahlian dalam Manajemen Waktu.,Keahlian Teknis,Public Speaking,Islam,Belum Menikah,,,Murti Santoso,26/05/2025,Ya,Ya
APP20250025,17/04/2025,Pending,Kalim,,Sirait,,Male,13/02/2000,218317346566,Payakumbuh,B,017/002,15-05-2018,kalim.sirait@perum.desa.id,+62 88-8371-5938,,Jalan Jayawijaya No. 19,Batam,Sumatera Utara,63034,Indonesia,https://linkedin.com/in/kalim-sirait-444,,Dosen,Pendidikan,Full-time,"Rp 16,839,048",Ya,11/07/2025,Segera,WNI (Warga Negara Indonesia),N/A,Tidak,Work from Office,29%,S2 (Magister),Universitas Negeri Surabaya,Pendidikan Guru Sekolah Dasar,,2011,,Dean's List,5-8 tahun,Ruangguru,Meteorologist,"Rp 18,388,139",Binar Academy,Planning and development surveyor,Zenius,Automotive engineer,Relokasi,"Analytical Thinking, Problem Solving, Student Assessment, Educational Technology","Adaptability, Komunikasi",,"TOEFL/IELTS Certificate, Microsoft Office Specialist, Sertifikat Pendidik","Japanese, Bahasa Sunda",Ya,,,Tidak,Tidak,Ya,"Among Pratama, Commercial horticulturist di Ruangguru, +62-018-343-9881, safitriemas@example.org","Mahesa Palastri, Actor di Ruangguru, +62-0168-256-8671, darumahendra@example.com",,Putri Wulandari,Teman,+62 85-2474-7893,Mulai Siang,Ya,Kadang-kadang,Karir.com,,Saya tertarik dengan posisi ini karena Perspiciatis aliquam tenetur exercitationem assumenda eaque. dan ingin berkontribusi untuk kemajuan perusahaan.,Tujuan karir saya adalah Est voluptatum expedita iste ducimus maiores necessitatibus. dan mengembangkan keahlian dalam Adaptability.,Kerja Tim,Delegasi,Katolik,Menikah,BPJS-28234803,,Kalim Sirait,26/05/2025,Ya,Ya
APP20250026,31/03/2025,Under Review,Viman,,Situmorang,,Male,11/01/1965,114425879101,Magelang,B,016/007,11-08-2017,viman.situmorang@perum.id,+62 89-6012-9786,,Jl. Abdul Muis No. 489,Bandar Lampung,Jawa Tengah,06695,Indonesia,https://linkedin.com/in/viman-situmorang-342,,Investment Analyst,Keuangan,Part-time,"Rp 10,835,441",Ya,13/06/2025,1 bulan,WNA dengan Work Permit,Work Permit,Ya,Fleksibel,23%,S1 (Sarjana),Universitas Lampung,Manajemen Keuangan,Ekonomi,2017,,,3-5 tahun,PT Bank CIMB Niaga,Nature conservation officer,"Rp 9,937,966",PT Bank Mandiri,Chiropractor,PT Bank CIMB Niaga,"Producer, radio",Relokasi,"Financial Reporting, Manajemen Waktu, Compliance, Komunikasi",Excel,,"Certified Management Accountant (CMA), Financial Risk Manager (FRM), Certified Public Accountant (CPA)","Arabic, Mandarin, Bahasa Indonesia (Native)",Ya,,,Tidak,Ya,Ya,"Imam Zulaika, Food technologist di PT Bank Rakyat Indonesia, (058) 665-9888, prabowo24@example.org","Yani Pratiwi, Social worker di PT Bank CIMB Niaga, +62-32-997-9696, hasan09@example.net","Pandu Prayoga, Lighting technician, broadcasting/film/video di PT Bank Mandiri, +62 (283) 622-6944, narpatiokto@example.net",Zahra Hartati,Suami/Istri,+62 89-1129-4454,Mulai Pagi,Ya,Kadang-kadang,Karir.com,,Saya tertarik dengan posisi ini karena Ab dicta ipsum aperiam recusandae non culpa. dan ingin berkontribusi untuk kemajuan perusahaan.,Tujuan karir saya adalah Dicta perspiciatis beatae doloribus. dan mengembangkan keahlian dalam Komunikasi.,Komunikasi,Delegasi,Katolik,Duda/Janda,BPJS-56401777,,Viman Situmorang,26/05/2025,Ya,Ya
APP20250027,24/05/2025,Under Review,Prakosa,Taufan,Rahayu,Prakosa,Male,05/11/2001,355288500724,Tomohon,B,020/006,20-10-2015,prakosa.rahayu@cv.com,+62 82-7652-3966,,Jalan KH Amin Jasuta No. 334,Semarang,Kalimantan Tengah,09711,Indonesia,https://linkedin.com/in/prakosa-rahayu-225,,Social Media Manager,Pemasaran,Part-time,"Rp 6,365,787",Tidak,03/07/2025,2 bulan,WNA dengan Work Permit,Work Permit,Dalam Pulau Jawa saja,Fleksibel,27%,D3 (Diploma),Universitas Udayana,Ilmu Komunikasi,,2022,3.47,,Entry Level,PT DDB Indonesia,Diplomatic Services operational officer,"Rp 6,940,926",PT DDB Indonesia,Games developer,PT Leo Burnett Indonesia,Cartographer,Restrukturisasi Perusahaan,"Problem Solving, SEO/SEM, Facebook Ads, Manajemen Waktu","Google Ads, Adaptability, Instagram Marketing",,Google Ads Certified,"Bahasa Sunda, Bahasa Batak",Tidak,,,Ya,Ya,Ya,"Kawaca Tampubolon, Public affairs consultant di PT DDB Indonesia, (0276) 388 6524, bagas00@example.com","Asmadi Marpaung, Paediatric nurse di PT BBDO Indonesia, +62 (0238) 807-8998, megantarapandu@example.com","Gabriella Maulana, Electrical engineer di PT DDB Indonesia, +62-337-943-0689, pradanalaila@example.com",Faizah Habibi,Teman,+62 88-9791-8317,Mulai Siang,Tidak,Ya,Website Perusahaan,Ella Najmudin,Saya tertarik dengan posisi ini karena Eos ipsum vitae sed. dan ingin berkontribusi untuk kemajuan perusahaan.,Tujuan karir saya adalah Deserunt eum iusto in fugiat id earum. dan mengembangkan keahlian dalam Facebook Ads.,Problem Solving,Public Speaking,Konghucu,Menikah,BPJS-81173285,,Prakosa Rahayu,26/05/2025,Ya,Ya
APP20250028,06/05/2025,Under Review,Nadine,,Yuniar,,Female,05/12/1992,165084852678,Magelang,AB,018/015,20-03-2020,nadine.yuniar@pd.ac.id,+62 81-6365-1098,,Gang Cempaka No. 736,Denpasar,Sulawesi Barat,58403,Indonesia,https://linkedin.com/in/nadine-yuniar-574,,Influencer Marketing Specialist,Pemasaran,Full-time,"Rp 32,947,401",Tidak,26/06/2025,Segera,WNI (Warga Negara Indonesia),N/A,Dalam kota saja,Hybrid,39%,S2 (Magister),Universitas Indonesia,Public Relations,,2015,,,8-12 tahun,PT Ogilvy Indonesia,Geographical information systems officer,"Rp 33,563,034",PT Leo Burnett Indonesia,Broadcast journalist,PT Ogilvy Indonesia,Learning disability nurse,Peluang Lebih Baik,"Analytical Thinking, TikTok Marketing, Komunikasi, SEO/SEM","Instagram Marketing, Facebook Ads, Google Analytics",,"Google Analytics Certified, Google Ads Certified, Facebook Blueprint Certified","Bahasa Sunda, Bahasa Indonesia (Native), Arabic, Mandarin",Ya,https://portfolio.nadineyuniar.com,,Ya,Ya,Ya,"Bakda Sitompul, Regulatory affairs officer di PT Leo Burnett Indonesia, +62-0592-919-2460, jonoramadan@example.net","Adiarja Prasasta, Architect di PT BBDO Indonesia, 0820407076, caraka85@example.net","Agus Wahyudin, Ranger/warden di PT Ogilvy Indonesia, +62-061-790-0647, zulaikhalatupono@example.com",Rama Puspasari,Orang Tua,+62 81-5593-1027,Mulai Pagi,Ya,Kadang-kadang,Referensi,,Saya tertarik dengan posisi ini karena Tenetur corporis perspiciatis perferendis consequuntur. dan ingin berkontribusi untuk kemajuan perusahaan.,Tujuan karir saya adalah Quasi accusantium fuga distinctio. dan mengembangkan keahlian dalam TikTok Marketing.,Komunikasi,Perfeksionis,Islam,Duda/Janda,,85.619.920.6-990.661,Nadine Yuniar,26/05/2025,Ya,Ya
APP20250029,18/05/2025,Under Review,Jaeman,,Habibi,,Male,08/11/1970,127725114634,Payakumbuh,B,014/012,16-11-2024,jaeman.habibi@pd.com,+62 87-3572-3677,,Jalan Ciumbuleuit No. 387,Denpasar,Sumatera Barat,47122,Indonesia,https://linkedin.com/in/jaeman-habibi-765,,Clinical Research Coordinator,Kesehatan,Contract,"Rp 14,683,149",Ya,10/06/2025,Segera,WNA dengan Work Permit,Work Permit,Tidak,Fully Remote,31%,S2 (Magister),Universitas Negeri Jakarta,Gizi,,2011,,,3-5 tahun,Mayapada Healthcare,Customer service manager,"Rp 11,889,897",PT Kalbe Farma,Broadcast engineer,RS Fatmawati,Translator,Restrukturisasi Perusahaan,"Electronic Health Records, Analytical Thinking, Clinical Documentation, Medical Records",Emergency Care,,SIP (Surat Ijin Praktik),"Bahasa Jawa, Arabic, Mandarin",Tidak,,,Tidak,Tidak,Ya,"Kamaria Saptono, Nurse, adult di RS Fatmawati, +62-405-139-1538, tomi67@example.org","Cemeti Zulaika, Designer, jewellery di PT Kalbe Farma, +62-75-933-8374, iswahyudiismail@example.com",,Kadir Waskita,Orang Tua,+62 82-7651-8712,Standar (9-17),Ya,Kadang-kadang,Website Perusahaan,,Saya tertarik dengan posisi ini karena Amet rem laborum officiis molestiae. dan ingin berkontribusi untuk kemajuan perusahaan.,Tujuan karir saya adalah Tenetur eum consequuntur et dignissimos voluptas cumque. dan mengembangkan keahlian dalam Emergency Care.,Keahlian Teknis,Delegasi,Hindu,Duda/Janda,,,Jaeman Habibi,26/05/2025,Ya,Ya
APP20250030,18/04/2025,Under Review,Jabal,,Fujiati,,Male,08/06/1980,156683107899,Tebingtinggi,B,005/007,13-08-2019,jabal.fujiati@cv.biz.id,+62 89-8073-7709,+62 89-2667-4335,Gg. Kutisari Selatan No. 4,Samarinda,Kalimantan Utara,03736,Indonesia,https://linkedin.com/in/jabal-fujiati-416,https://jabalfujiati.com,Guru SMP,Pendidikan,Part-time,"Rp 12,239,334",Ya,16/07/2025,Segera,WNI (Warga Negara Indonesia),N/A,Tidak,Fleksibel,4%,S2 (Magister),Universitas Hasanuddin,Pendidikan Bahasa Indonesia,,2012,,,3-5 tahun,Binar Academy,Colour technologist,"Rp 10,709,733",Hacktiv8,Ophthalmologist,Zenius,Tax adviser,Relokasi,"Kerja Tim, Komunikasi, Curriculum Development, Teaching",Academic Research,,TOEFL/IELTS Certificate,"Bahasa Sunda, Arabic",Tidak,,,Tidak,Tidak,Ya,"Ibrahim Uyainah, Primary school teacher di Hacktiv8, 0856292104, pwastuti@example.org","Xanana Anggriawan, Conservation officer, nature di Institut Teknologi Bandung, +62 (04) 341 7434, ikanajmudin@example.com",,Lidya Januar,Suami/Istri,+62 82-6859-4002,Mulai Pagi,Terbatas,Kadang-kadang,Job Fair,,Saya tertarik dengan posisi ini karena Rerum excepturi voluptatibus nisi quaerat ut ullam. dan ingin berkontribusi untuk kemajuan perusahaan.,Tujuan karir saya adalah Deleniti veniam provident sit quam dolore. dan mengembangkan keahlian dalam Kerja Tim.,Kerja Tim,Public Speaking,Katolik,Belum Menikah,BPJS-49121698,,Jabal Fujiati,26/05/2025,Ya,Ya
APP20250031,25/05/2025,Pending,Mala,,Latupono,,Female,03/10/1963,321287446180,Pekanbaru,-,002/001,07-11-2020,mala.latupono@ud.int,+62 82-5053-3767,,Gang Gegerkalong Hilir No. 6,Jakarta,Maluku Utara,20703,Indonesia,https://linkedin.com/in/mala-latupono-977,https://malalatupono.com,Budget Analyst,Keuangan,Full-time,"Rp 28,551,320",Ya,12/07/2025,Segera,WNA dengan Work Permit,Work Permit,Dalam kota saja,Hybrid,33%,S3 (Doktor),Universitas Brawijaya,Manajemen Keuangan,,2019,,Wisudawan Terbaik,8-12 tahun,PT Asuransi Jiwasraya,Travel agency manager,"Rp 23,361,729",PT Bank Rakyat Indonesia,Merchant navy officer,PT Bank Negara Indonesia,Clinical psychologist,Mencari Tantangan Baru,"Kerja Tim, Financial Reporting, SAP, QuickBooks",Banking,,"Certified Internal Auditor (CIA), Certified Public Accountant (CPA), Certified Management Accountant (CMA)","English, Bahasa Minang",Ya,,,Ya,Tidak,Ya,"Ihsan Hardiansyah, Computer games developer di PT Bank Rakyat Indonesia, +62 (050) 873-7621, jane72@example.org","Kemba Suartini, Civil engineer, consulting di PT Bank Rakyat Indonesia, (0532) 460-3175, situmorangsamiah@example.com",,Warsa Hardiansyah,Suami/Istri,+62 85-4072-7907,Mulai Pagi,Tidak,Kadang-kadang,LinkedIn,,Saya tertarik dengan posisi ini karena Facilis sed saepe at unde hic eaque amet. dan ingin berkontribusi untuk kemajuan perusahaan.,Tujuan karir saya adalah Labore tenetur laborum. dan mengembangkan keahlian dalam QuickBooks.,Kerja Tim,Perfeksionis,Katolik,Belum Menikah,BPJS-57118731,,Mala Latupono,26/05/2025,Ya,Ya
APP20250032,17/05/2025,Pending,Ulva,,Wasita,,Female,10/12/1979,155170248454,Probolinggo,O,010/005,17-01-2018,ulva.wasita@pt.or.id,+62 82-3297-3233,,Jl. BKR No. 9,Palembang,Papua Barat,89564,Indonesia,https://linkedin.com/in/ulva-wasita-703,,Radiographer,Kesehatan,Contract,"Rp 5,615,758",Ya,15/06/2025,2 bulan,WNI (Warga Negara Indonesia),N/A,Dalam kota saja,Fleksibel,49%,S1 (Sarjana),Universitas Tarumanagara,Gizi,,2016,,,Entry Level,PT Kimia Farma,Medical technical officer,"Rp 4,948,889",RS Fatmawati,Podiatrist,PT Kalbe Farma,Television/film/video producer,Relokasi,"Medical Terminology, Problem Solving, Privacy Compliance, Kerja Tim",Adaptability,,Tidak ada,"Mandarin, Bahasa Jawa, English",Tidak,,,Tidak,Tidak,Ya,"Cinta Siregar, Patent attorney di PT Kalbe Farma, 0800772090, jjanuar@example.com","Bakidin Sihotang, Land di PT Kimia Farma, (0363) 497-3955, msaptono@example.com",,Pia Sitompul,Orang Tua,+62 89-1424-6511,Mulai Pagi,Ya,Kadang-kadang,LinkedIn,,Saya tertarik dengan posisi ini karena Occaecati nihil molestias tempore laborum. dan ingin berkontribusi untuk kemajuan perusahaan.,Tujuan karir saya adalah Eum eos aperiam error. dan mengembangkan keahlian dalam Adaptability.,Kepemimpinan,Perfeksionis,Lainnya,Duda/Janda,,67.450.366.8-562.306,Ulva Wasita,26/05/2025,Ya,Ya
APP20250033,27/03/2025,Pending,Elon,,Astuti,,Male,28/08/1966,159248445111,Payakumbuh,AB,017/015,20-11-2023,elon.astuti@ud.mil,+62 89-1339-6344,,Gang S. Parman No. 7,Denpasar,Kalimantan Selatan,13665,Indonesia,https://linkedin.com/in/elon-astuti-959,,Process Improvement Specialist,Bisnis,Contract,"Rp 12,422,082",Tidak,19/07/2025,1 bulan,WNA dengan Work Permit,Work Permit,Dalam Pulau Jawa saja,Work from Office,10%,S1 (Sarjana),Universitas Pelita Harapan,Kewirausahaan,,2018,,,3-5 tahun,PT Indofood Sukses Makmur,Oncologist,"Rp 12,502,402",PT Bank Central Asia,Trading standards officer,PT Bank Rakyat Indonesia,Sub,Restrukturisasi Perusahaan,"Adaptability, Strategic Planning, Excel, Manajemen Waktu","Project Management, Stakeholder Management",,Six Sigma Black Belt,"Bahasa Bali, Bahasa Jawa",Ya,,,Tidak,Tidak,Ya,"Cinthia Rahmawati, Lecturer, further education di PT Bank Rakyat Indonesia, +62 (091) 536 2937, among61@example.com","Ajiono Sitorus, Web designer di PT Bank Rakyat Indonesia, (0787) 912-5871, xpuspasari@example.org","Hamima Prastuti, Applications developer di PT Bank Rakyat Indonesia, +62-991-076-2066, darimin28@example.com",Fitriani Pratama,Suami/Istri,+62 87-3753-6660,Mulai Pagi,Terbatas,Ya,JobStreet,Najib Iswahyudi,Saya tertarik dengan posisi ini karena Quidem totam occaecati veniam. dan ingin berkontribusi untuk kemajuan perusahaan.,Tujuan karir saya adalah Placeat soluta velit delectus voluptatibus. dan mengembangkan keahlian dalam Excel.,Kepemimpinan,Delegasi,Lainnya,Menikah,BPJS-33281784,31.103.726.3-484.480,Elon Astuti,26/05/2025,Ya,Ya
APP20250034,23/04/2025,Pending,Fathonah,,Lazuardi,,Female,22/02/1987,327941767470,Cilegon,-,007/009,27-12-2015,fathonah.lazuardi@perum.my.id,+62 87-9073-7312,,Gg. Rawamangun No. 880,Padang,Banten,97033,Indonesia,https://linkedin.com/in/fathonah-lazuardi-866,,Budget Analyst,Keuangan,Full-time,"Rp 16,975,162",Tidak,26/05/2025,1 bulan,WNI (Warga Negara Indonesia),N/A,Dalam Pulau Jawa saja,Fully Remote,45%,S1 (Sarjana),Universitas Andalas,Perbankan,,2021,,,5-8 tahun,PT Bank Rakyat Indonesia,"Surveyor, quantity","Rp 16,354,388",PT Bank Central Asia,Senior tax professional/tax inspector,PT Bank CIMB Niaga,"Engineer, civil (contracting)",Restrukturisasi Perusahaan,"Risk Analysis, Kepemimpinan, Komunikasi, SAP",Kerja Tim,,Financial Risk Manager (FRM),"Arabic, English, Bahasa Minang, Bahasa Sunda",Ya,,,Tidak,Ya,Ya,"Mumpuni Purwanti, Musician di PT Bank CIMB Niaga, +62 (39) 995 1785, caraka43@example.net","Margana Tarihoran, Programme researcher, broadcasting/film/video di PT Asuransi Jiwasraya, 0864983137, rafidlatupono@example.net","Respati Megantara, Industrial buyer di PT Bank Central Asia, +62-0502-231-6360, nurainisadina@example.com",Bahuwarna Winarsih,Teman,+62 85-4309-8890,Jam Fleksibel,Ya,Tidak,LinkedIn,,Saya tertarik dengan posisi ini karena Aliquam saepe culpa ratione autem. dan ingin berkontribusi untuk kemajuan perusahaan.,Tujuan karir saya adalah Ex reiciendis ducimus quasi. dan mengembangkan keahlian dalam SAP.,Kepemimpinan,Manajemen Waktu,Buddha,Duda/Janda,,,Fathonah Lazuardi,26/05/2025,Ya,Ya
APP20250035,05/04/2025,Pending,Mulyanto,Raina,Zulkarnain,,Male,20/10/1988,173225847947,Pangkalpinang,AB,010/004,22-12-2023,mulyanto.zulkarnain@cv.com,+62 85-1659-9677,,Gg. Sentot Alibasa No. 616,Semarang,DKI Jakarta,62497,Indonesia,https://linkedin.com/in/mulyanto-zulkarnain-506,,Curriculum Developer,Pendidikan,Magang,"Rp 15,669,306",Ya,06/07/2025,2 bulan,WNI (Warga Negara Indonesia),N/A,Dalam kota saja,Fully Remote,31%,S2 (Magister),Universitas Pelita Harapan,Pendidikan Bahasa Indonesia,,2010,3.18,,5-8 tahun,Zenius,"Scientist, research (maths)","Rp 13,508,147",Zenius,Secondary school teacher,Binar Academy,"Loss adjuster, chartered",Relokasi,"Bahasa Inggris, Komunikasi, Curriculum Development, Classroom Management","Educational Technology, Teaching",,"Sertifikat Pendidik, Microsoft Office Specialist","Mandarin, Bahasa Jawa",Tidak,,,Tidak,Tidak,Ya,"Tasdik Winarsih, Production manager di Binar Academy, 0870307745, gangsawahyuni@example.com","Gading Tamba, Hospital doctor di Universitas Gadjah Mada, (036) 240 4930, jaka30@example.net","Ibrani Prastuti, Geologist, wellsite di Binar Academy, +62-00-772-9396, kandriani@example.net",Raina Sihombing,Teman,+62 82-5211-1302,Mulai Siang,Tidak,Kadang-kadang,JobStreet,,Saya tertarik dengan posisi ini karena Tenetur architecto eius iure eos qui. dan ingin berkontribusi untuk kemajuan perusahaan.,Tujuan karir saya adalah Culpa illum iure sunt beatae autem illo. dan mengembangkan keahlian dalam Bahasa Inggris.,Komunikasi,Public Speaking,Buddha,Belum Menikah,BPJS-90612133,83.431.133.4-182.284,Mulyanto Zulkarnain,26/05/2025,Ya,Ya
APP20250036,19/04/2025,Interview Scheduled,Cayadi,Elisa,Nainggolan,,Male,19/10/2001,173436513527,Palembang,A,008/010,04-01-2016,cayadi.nainggolan@cv.web.id,+62 82-7802-1333,,Jl. Medokan Ayu No. 9,Medan,Kalimantan Selatan,67232,Indonesia,https://linkedin.com/in/cayadi-nainggolan-411,,Radiographer,Kesehatan,Part-time,"Rp 15,967,106",Ya,07/07/2025,2 minggu,WNA dengan Work Permit,Work Permit,Dalam Pulau Jawa saja,Work from Office,38%,S2 (Magister),Universitas Sriwijaya,Kesehatan Masyarakat,,2010,3.53,,5-8 tahun,RS Persahabatan,Trade mark attorney,"Rp 16,156,885",PT Kalbe Farma,Bookseller,RS Pondok Indah,"Secretary, company",Mencari Tantangan Baru,"Electronic Health Records, Patient Care, Kerja Tim, Bahasa Inggris",Patient Safety,,BLS Certification,"Arabic, Bahasa Sunda, Japanese, English",Ya,,,Tidak,Tidak,Ya,"Oliva Santoso, Analytical chemist di PT Kalbe Farma, +62 (0995) 523-0165, prakasakasusra@example.net","Darijan Gunarto, Ambulance person di RS Pondok Indah, (0236) 441 7052, anggriawanzelda@example.org","Ibun Irawan, Phytotherapist di RS Pondok Indah, +62 (0206) 936 2723, marwatamaryati@example.net",Ana Hakim,Saudara,+62 89-1250-7204,Standar (9-17),Ya,Ya,JobStreet,,Saya tertarik dengan posisi ini karena Debitis quaerat quae. dan ingin berkontribusi untuk kemajuan perusahaan.,Tujuan karir saya adalah Eum modi quasi consequuntur enim amet eum. dan mengembangkan keahlian dalam Patient Safety.,Keahlian Teknis,Manajemen Waktu,Islam,Belum Menikah,,,Cayadi Nainggolan,26/05/2025,Ya,Ya
APP20250037,12/05/2025,Pending,Zelaya,Ivan,Maheswara,,Female,15/07/1998,168758981619,Kotamobagu,-,015/010,07-07-2020,zelaya.maheswara@cv.gov,+62 89-7264-1564,,Jl. Dr. Djunjunan No. 7,Bekasi,Jawa Barat,12106,Indonesia,https://linkedin.com/in/zelaya-maheswara-882,,Dosen,Pendidikan,Contract,"Rp 32,165,885",Ya,28/06/2025,Segera,WNI (Warga Negara Indonesia),N/A,Dalam kota saja,Hybrid,14%,S1 (Sarjana),Universitas Airlangga,Pendidikan Kimia,,2014,3.27,,8-12 tahun,Skill Academy,Product manager,"Rp 33,169,429",Institut Teknologi Bandung,Sports development officer,Hacktiv8,"Scientist, forensic",Peluang Lebih Baik,"Adaptability, Kepemimpinan, Komunikasi, Classroom Management",Curriculum Development,,Sertifikat Pendidik,"English, Bahasa Jawa, Bahasa Batak",Tidak,,,Tidak,Ya,Ya,"Virman Jailani, Community pharmacist di Institut Teknologi Bandung, +62-051-935-2620, jaga71@example.org","Mahesa Haryanti, Careers information officer di Institut Teknologi Bandung, +62-423-554-3619, wijayantiopung@example.org","Lega Sihotang, Doctor, general practice di Hacktiv8, +62-081-048-5693, olivamahendra@example.net",Iriana Situmorang,Saudara,+62 89-9209-8616,Mulai Siang,Tidak,Kadang-kadang,Karir.com,Hardana Budiman,Saya tertarik dengan posisi ini karena Praesentium recusandae nemo eveniet dolore sapiente explicabo ab. dan ingin berkontribusi untuk kemajuan perusahaan.,Tujuan karir saya adalah Officia ipsam adipisci voluptatem. dan mengembangkan keahlian dalam Curriculum Development.,Kerja Tim,Manajemen Waktu,Buddha,Menikah,BPJS-97078246,,Zelaya Maheswara,26/05/2025,Ya,Ya
APP20250038,21/04/2025,Interview Scheduled,Cornelia,,Marbun,,Female,17/01/1994,156288949640,Bekasi,-,017/008,17-06-2019,cornelia.marbun@perum.mil.id,+62 88-7429-7638,+62 82-6401-8074,Gg. Laswi No. 3,Samarinda,Kepulauan Bangka Belitung,68386,Indonesia,https://linkedin.com/in/cornelia-marbun-939,,Internal Auditor,Keuangan,Magang,"Rp 7,444,250",Tidak,27/05/2025,Segera,Permanent Resident,N/A,Tidak,Work from Office,40%,S1 (Sarjana),Universitas Sebelas Maret,Akuntansi,,2019,,,Entry Level,PT Bank CIMB Niaga,"Research officer, government","Rp 6,132,925",PT Bank Negara Indonesia,Merchant navy officer,PT Bank CIMB Niaga,Architect,Relokasi,"Problem Solving, Adaptability, Manajemen Waktu, Analytical Thinking","QuickBooks, Komunikasi",,"Certified Management Accountant (CMA), Financial Risk Manager (FRM)","Bahasa Bali, English",Ya,,,Ya,Tidak,Ya,"Keisha Maulana, Therapist, horticultural di PT Bank Negara Indonesia, +62 (0628) 278 1017, cengkalnababan@example.org","Vanesa Novitasari, Editor, film/video di PT Bank Negara Indonesia, (0630) 009-5235, nrimasuwarno@example.com","Hani Waluyo, Programme researcher, broadcasting/film/video di PT Bank Mandiri, 0859542103, wsirait@example.net",Saiful Mayasari,Orang Tua,+62 82-6725-6581,Jam Fleksibel,Ya,Kadang-kadang,Referensi,Rusman Yolanda,Saya tertarik dengan posisi ini karena Iure accusantium ea impedit. dan ingin berkontribusi untuk kemajuan perusahaan.,Tujuan karir saya adalah Eveniet doloremque error dolorem quibusdam odio reiciendis. dan mengembangkan keahlian dalam Analytical Thinking.,Komunikasi,Public Speaking,Buddha,Duda/Janda,BPJS-61315952,61.975.377.6-916.333,Cornelia Marbun,26/05/2025,Ya,Ya
APP20250039,02/04/2025,Pending,Gaman,Bakiono,Usamah,,Male,14/08/1960,111539553002,Bau-Bau,-,013/013,18-02-2021,gaman.usamah@pd.int,+62 82-6733-1278,,Jl. Sukabumi No. 49,Makassar,Nusa Tenggara Barat,92453,Indonesia,https://linkedin.com/in/gaman-usamah-986,https://gamanusamah.com,Physical Therapist,Kesehatan,Magang,"Rp 29,588,186",Ya,30/06/2025,2 minggu,Permanent Resident,N/A,Ya,Hybrid,38%,S2 (Magister),Institut Teknologi Sepuluh Nopember,Kesehatan Masyarakat,Farmasi,2015,,,8-12 tahun,Mayapada Healthcare,Insurance claims handler,"Rp 29,180,615",PT Bio Farma,"Therapist, horticultural",RS Persahabatan,"Editor, commissioning",Peluang Lebih Baik,"Manajemen Waktu, Electronic Health Records, Medical Records, Medical Terminology","Komunikasi, Problem Solving",,"SIP (Surat Ijin Praktik), BLS Certification, STR (Surat Tanda Registrasi)","Bahasa Bali, Bahasa Batak",Tidak,,,Tidak,Tidak,Ya,"Malika Wibowo, Haematologist di PT Bio Farma, +62-50-183-9535, nyoman10@example.org","Lurhur Prakasa, Commercial horticulturist di RS Fatmawati, +62 (0875) 830-8269, pangestu05@example.org",,Umi Napitupulu,Teman,+62 81-6324-1352,Mulai Siang,Tidak,Ya,JobStreet,Gamani Sihotang,Saya tertarik dengan posisi ini karena Vel numquam similique. dan ingin berkontribusi untuk kemajuan perusahaan.,Tujuan karir saya adalah Ducimus commodi dolorem assumenda amet. dan mengembangkan keahlian dalam Medical Terminology.,Problem Solving,Public Speaking,Konghucu,Belum Menikah,,,Gaman Usamah,26/05/2025,Ya,Ya
APP20250040,05/05/2025,Under Review,Bagiya,,Wahyudin,Bagiya,Male,25/04/1978,182171816094,Tanjungpinang,A,006/002,05-01-2017,bagiya.wahyudin@cv.id,+62 8-1785-1840,,Jl. Kendalsari No. 94,Bekasi,Riau,92708,Indonesia,https://linkedin.com/in/bagiya-wahyudin-786,,Senior Accountant,Keuangan,Full-time,"Rp 10,334,505",Ya,09/08/2025,2 minggu,WNA dengan Work Permit,Work Permit,Tidak,Fully Remote,44%,D3 (Diploma),Institut Teknologi Bandung,Akuntansi,,2023,,,1-3 tahun,PT Bank Mandiri,"Secretary, company","Rp 11,259,620",PT Bank Danamon,Physiotherapist,PT Bank Rakyat Indonesia,"Engineer, structural",Pengembangan Karir,"Komunikasi, QuickBooks, Forecasting, Adaptability",Financial Reporting,,Certified Internal Auditor (CIA),"Bahasa Batak, Japanese, Bahasa Bali, Bahasa Minang",Tidak,,,Ya,Tidak,Ya,"Rina Mahendra, Diplomatic Services operational officer di PT Bank Rakyat Indonesia, 086 726 5816, kariman58@example.org","Warsa Fujiati, Education officer, museum di PT Bank Rakyat Indonesia, +62 (726) 003-6005, budimanhimawan@example.com",,Heru Suryono,Suami/Istri,+62 82-3931-2679,Mulai Pagi,Terbatas,Ya,Job Fair,,Saya tertarik dengan posisi ini karena Quaerat dolores reprehenderit asperiores provident. dan ingin berkontribusi untuk kemajuan perusahaan.,Tujuan karir saya adalah Dolorum ab neque nisi ipsum at vero. dan mengembangkan keahlian dalam Komunikasi.,Kerja Tim,Public Speaking,Katolik,Menikah,BPJS-51105783,27.448.874.9-728.566,Bagiya Wahyudin,26/05/2025,Ya,Ya
APP20250041,06/04/2025,Interview Scheduled,Yance,,Puspita,,Female,17/12/1989,123542971683,Tanjungpinang,O,006/002,07-07-2019,yance.puspita@ud.my.id,+62 81-1459-1035,,Gang Astana Anyar No. 684,Palembang,Jawa Timur,42433,Indonesia,https://linkedin.com/in/yance-puspita-623,,Guru SMP,Pendidikan,Full-time,"Rp 35,880,194",Ya,13/07/2025,Segera,Permanent Resident,N/A,Ya,Hybrid,11%,S2 (Magister),Universitas Hasanuddin,Pendidikan Fisika,,2021,3.3,Magna Cum Laude,12+ tahun,Hacktiv8,Landscape architect,"Rp 31,504,643",Hacktiv8,Media planner,Skill Academy,Sales promotion account executive,Relokasi,"Academic Research, Classroom Management, Kerja Tim, Educational Technology","Curriculum Development, Student Assessment",,"Sertifikat Pendidik, Microsoft Office Specialist, TOEFL/IELTS Certificate","Japanese, Bahasa Indonesia (Native), English",Ya,,,Tidak,Ya,Ya,"Setya Irawan, Haematologist di Hacktiv8, +62 (92) 802 0575, cawuksiregar@example.org","Rizki Prayoga, Engineer, automotive di Hacktiv8, (0751) 547 8528, ghaliyati61@example.com","Argono Suryono, Trade mark attorney di Skill Academy, +62 (74) 332-8236, faridapranawa@example.net",Dodo Saefullah,Orang Tua,+62 82-8948-3461,Mulai Siang,Tidak,Kadang-kadang,LinkedIn,,Saya tertarik dengan posisi ini karena Mollitia odit mollitia error odit quisquam. dan ingin berkontribusi untuk kemajuan perusahaan.,Tujuan karir saya adalah Explicabo unde illo quas. dan mengembangkan keahlian dalam Educational Technology.,Komunikasi,Public Speaking,Konghucu,Belum Menikah,,,Yance Puspita,26/05/2025,Ya,Ya
APP20250042,08/05/2025,Under Review,Diah,,Rajata,,Female,14/01/1983,312922653757,Tegal,A,015/002,16-06-2018,diah.rajata@pd.com,+62 81-9253-8181,,Jl. Indragiri No. 99,Bandar Lampung,Kalimantan Timur,39452,Indonesia,https://linkedin.com/in/diah-rajata-408,,Perawat,Kesehatan,Part-time,"Rp 48,641,075",Ya,01/08/2025,Segera,WNA dengan Work Permit,Work Permit,Tidak,Fully Remote,40%,S1 (Sarjana),Universitas Pendidikan Indonesia,Fisioterapi,,2023,,,12+ tahun,Mayapada Healthcare,"Psychologist, prison and probation services","Rp 47,257,322",PT Kimia Farma,Biomedical scientist,RS Pondok Indah,Media buyer,Mencari Tantangan Baru,"Privacy Compliance, Clinical Documentation, Electronic Health Records, Analytical Thinking","Adaptability, Kepemimpinan",,Tidak ada,"Japanese, Bahasa Minang",Ya,,,Ya,Tidak,Ya,"Vera Pradipta, Agricultural engineer di RS Pondok Indah, +62-0122-425-9943, widyafujiati@example.com","Azalea Maryati, Research scientist (maths) di RS Pondok Indah, +62-80-973-6839, jsalahudin@example.org","Hesti Wahyuni, Engineer, drilling di RS Pondok Indah, +62 (006) 247-4408, jprasetya@example.org",Panji Yuniar,Suami/Istri,+62 87-4187-9241,Standar (9-17),Ya,Ya,JobStreet,Rama Rajata,Saya tertarik dengan posisi ini karena Aut similique mollitia placeat dolorum tempora. dan ingin berkontribusi untuk kemajuan perusahaan.,Tujuan karir saya adalah Nostrum quis pariatur voluptas suscipit. dan mengembangkan keahlian dalam Privacy Compliance.,Problem Solving,Delegasi,Lainnya,Belum Menikah,BPJS-11620765,32.892.292.5-476.960,Diah Rajata,26/05/2025,Ya,Ya
APP20250043,01/04/2025,Interview Scheduled,Widya,Ana,Sitompul,,Female,11/12/1997,188726593063,Gorontalo,AB,003/001,03-11-2015,widya.sitompul@perum.desa.id,+62 87-2901-9477,,Jalan Lembong No. 54,Malang,Papua Barat,63154,Indonesia,https://linkedin.com/in/widya-sitompul-289,https://widyasitompul.com,Budget Analyst,Keuangan,Contract,"Rp 14,356,742",Tidak,28/05/2025,1 bulan,WNI (Warga Negara Indonesia),N/A,Dalam kota saja,Fully Remote,8%,S1 (Sarjana),Institut Teknologi Bandung,Asuransi,,2019,,,3-5 tahun,PT Bank Mandiri,"Lecturer, higher education","Rp 11,514,092",PT Bank Danamon,Warden/ranger,PT Bank Mandiri,Legal secretary,Pengembangan Karir,"Problem Solving, Analytical Thinking, Tax Regulation, Excel","SAP, Banking, Komunikasi, Kepemimpinan",,"Certified Internal Auditor (CIA), Certified Public Accountant (CPA)","Mandarin, Bahasa Bali, English, Arabic",Ya,,,Tidak,Ya,Ya,"Wirda Prayoga, Theatre stage manager di PT Prudential Indonesia, +62-49-156-9430, kania42@example.net","Drajat Mansur, Architectural technologist di PT Bank Mandiri, (021) 120-1641, yuniaropung@example.net","Nabila Ardianto, Press photographer di PT Bank Danamon, (0404) 875-7218, wacanajayadi@example.com",Asirwada Salahudin,Teman,+62 82-2119-3729,Standar (9-17),Ya,Tidak,Recruiter,Gamani Palastri,Saya tertarik dengan posisi ini karena Possimus delectus natus optio ratione. dan ingin berkontribusi untuk kemajuan perusahaan.,Tujuan karir saya adalah Nemo reiciendis odio iure alias. dan mengembangkan keahlian dalam Banking.,Keahlian Teknis,Perfeksionis,Buddha,Menikah,BPJS-66971793,,Widya Sitompul,26/05/2025,Ya,Ya
APP20250044,13/05/2025,Pending,Cahyanto,,Lailasari,Cahyanto,Male,28/09/1977,368198151898,Tangerang Selatan,-,013/013,03-04-2018,cahyanto.lailasari@perum.edu,+62 81-6935-9047,+62 82-8670-5538,Jalan Jend. A. Yani No. 274,Jakarta,Bali,38818,Indonesia,https://linkedin.com/in/cahyanto-lailasari-756,https://cahyantolailasari.com,Healthcare Administrator,Kesehatan,Part-time,"Rp 7,674,296",Tidak,02/07/2025,Segera,Permanent Resident,N/A,Dalam Pulau Jawa saja,Work from Office,8%,D3 (Diploma),Universitas Gadjah Mada,Gizi,,2020,,,1-3 tahun,RS Persahabatan,"Geneticist, molecular","Rp 6,643,168",RS Pondok Indah,Community arts worker,RS Persahabatan,Careers adviser,Peluang Lebih Baik,"Adaptability, Emergency Care, Komunikasi, Bahasa Inggris",Patient Safety,,"SIP (Surat Ijin Praktik), BLS Certification, STR (Surat Tanda Registrasi)","Bahasa Batak, Mandarin, Bahasa Bali",Ya,,,Tidak,Tidak,Ya,"Jayeng Pranowo, Systems developer di RS Pondok Indah, (0108) 141 8968, jindradamanik@example.org","Paris Hariyah, Historic buildings inspector/conservation officer di RS Pondok Indah, (0468) 821 3234, saputrauchita@example.net","Jefri Hasanah, Chief Technology Officer di PT Kimia Farma, +62-547-596-8427, reza70@example.org",Jarwadi Wijayanti,Teman,+62 88-8972-9270,Jam Fleksibel,Ya,Kadang-kadang,LinkedIn,,Saya tertarik dengan posisi ini karena Rem dolorem atque magnam. dan ingin berkontribusi untuk kemajuan perusahaan.,Tujuan karir saya adalah Asperiores totam praesentium sunt possimus dolor praesentium. dan mengembangkan keahlian dalam Adaptability.,Problem Solving,Perfeksionis,Katolik,Belum Menikah,BPJS-38833551,51.265.779.9-817.156,Cahyanto Lailasari,26/05/2025,Ya,Ya
APP20250045,03/04/2025,Pending,Luluh,,Laksita,Luluh,Male,02/08/1986,176428581926,Payakumbuh,O,002/009,10-12-2022,luluh.laksita@pd.web.id,+62 85-5202-1717,,Gg. M.H Thamrin No. 0,Pekanbaru,Nusa Tenggara Barat,45278,Indonesia,https://linkedin.com/in/luluh-laksita-468,,Guru SMP,Pendidikan,Part-time,"Rp 25,840,193",Tidak,18/06/2025,Segera,WNA dengan Work Permit,Work Permit,Dalam kota saja,Hybrid,14%,S2 (Magister),Universitas Bina Nusantara,Pendidikan Bahasa Indonesia,,2018,3.9,Magna Cum Laude,8-12 tahun,Institut Teknologi Bandung,Estate agent,"Rp 23,312,090",Zenius,Civil Service fast streamer,Universitas Gadjah Mada,Ranger/warden,Pengembangan Karir,"Teaching, Kepemimpinan, Bahasa Inggris, Problem Solving","Curriculum Development, Komunikasi",,"TOEFL/IELTS Certificate, Sertifikat Pendidik","Bahasa Sunda, Japanese, Bahasa Batak, English",Tidak,,,Tidak,Tidak,Ya,"Ulva Novitasari, Chiropodist di Zenius, (024) 193 9513, wahyuniprabawa@example.com","Oman Dongoran, Location manager di Universitas Gadjah Mada, (0461) 776-8407, usadalanang@example.org",,Sabrina Usada,Saudara,+62 87-2498-7707,Mulai Siang,Terbatas,Tidak,Recruiter,Bambang Manullang,Saya tertarik dengan posisi ini karena Numquam error vero quam. dan ingin berkontribusi untuk kemajuan perusahaan.,Tujuan karir saya adalah Tempore cum suscipit quaerat doloremque. dan mengembangkan keahlian dalam Komunikasi.,Komunikasi,Public Speaking,Kristen,Menikah,BPJS-26238480,,Luluh Laksita,26/05/2025,Ya,Ya
APP20250046,04/04/2025,Under Review,Yono,,Nuraini,Yono,Male,04/10/1997,118949982525,Mojokerto,A,003/014,19-11-2016,yono.nuraini@perum.mil.id,+62 89-4250-7844,+62 89-2744-2347,Jl. S. Parman No. 71,Samarinda,Maluku,19093,Indonesia,https://linkedin.com/in/yono-nuraini-983,https://yononuraini.com,Credit Analyst,Keuangan,Contract,"Rp 7,406,425",Tidak,08/08/2025,1 bulan,WNA dengan Work Permit,Work Permit,Tidak,Work from Office,30%,S1 (Sarjana),Universitas Atmajaya,Akuntansi,Asuransi,2019,3.77,Wisudawan Terbaik,1-3 tahun,PT Asuransi Jiwasraya,Theatre stage manager,"Rp 7,045,673",PT Bank Central Asia,Hospital pharmacist,PT Prudential Indonesia,"Producer, television/film/video",Peluang Lebih Baik,"Financial Modeling, Analytical Thinking, PSAK, Komunikasi","Forecasting, Kepemimpinan",,Financial Risk Manager (FRM),"Bahasa Indonesia (Native), Bahasa Minang, Bahasa Batak, Mandarin",Tidak,,,Tidak,Tidak,Ya,"Dipa Purwanti, Dentist di PT Asuransi Jiwasraya, +62 (947) 869 1177, yessinashiruddin@example.com","Marwata Megantara, Best boy di PT Asuransi Jiwasraya, (0784) 959 0096, osihombing@example.net","Cawuk Hutapea, Teacher, adult education di PT Asuransi Jiwasraya, +62-097-099-5280, yuliantivega@example.net",Lega Mustofa,Teman,+62 89-3222-9990,Mulai Siang,Terbatas,Tidak,Job Fair,,Saya tertarik dengan posisi ini karena Maiores nulla amet expedita facere architecto esse. dan ingin berkontribusi untuk kemajuan perusahaan.,Tujuan karir saya adalah Eveniet animi explicabo. dan mengembangkan keahlian dalam PSAK.,Kerja Tim,Public Speaking,Konghucu,Belum Menikah,BPJS-14264716,63.711.211.9-491.714,Yono Nuraini,26/05/2025,Ya,Ya
APP20250047,08/05/2025,Under Review,Hendri,Emas,Nurdiyanti,,Male,12/06/1993,134790380740,Bogor,AB,007/014,02-07-2022,hendri.nurdiyanti@pd.web.id,+62 8-5023-3193,,Gang Raya Ujungberung No. 3,Semarang,Sulawesi Tengah,02163,Indonesia,https://linkedin.com/in/hendri-nurdiyanti-472,,Business Analyst,Bisnis,Magang,"Rp 34,858,931",Ya,04/07/2025,2 minggu,WNA dengan Work Permit,Work Permit,Ya,Fleksibel,38%,S1 (Sarjana),Universitas Airlangga,Bisnis Internasional,,2020,,,8-12 tahun,PT Indofood Sukses Makmur,Customer service manager,"Rp 28,077,249",PT Gudang Garam,Bookseller,PT Bank Mandiri,"Librarian, academic",Relokasi,"Kerja Tim, CRM, Project Management, Adaptability","Kepemimpinan, Risk Assessment, Salesforce, Stakeholder Management",,Project Management Professional (PMP),"Bahasa Minang, Bahasa Bali, Bahasa Indonesia (Native), Mandarin",Ya,,,Tidak,Tidak,Ya,"Arsipatra Gunawan, Sports therapist di PT Pertamina, +62 (039) 933-1042, jagaharyanto@example.org","Atmaja Hassanah, Retail manager di PT Gudang Garam, 0800763012, widya14@example.org","Hari Permadi, Musician di PT Gudang Garam, +62 (70) 656 1363, rrajasa@example.com",Yance Zulkarnain,Teman,+62 8-2700-6634,Jam Fleksibel,Terbatas,Kadang-kadang,Recruiter,,Saya tertarik dengan posisi ini karena Consequuntur illo culpa autem animi non. dan ingin berkontribusi untuk kemajuan perusahaan.,Tujuan karir saya adalah Molestias iusto neque vero perspiciatis. dan mengembangkan keahlian dalam Salesforce.,Keahlian Teknis,Public Speaking,Lainnya,Belum Menikah,BPJS-52774101,,Hendri Nurdiyanti,26/05/2025,Ya,Ya
APP20250048,02/05/2025,Pending,Rina,Yessi,Hardiansyah,,Female,30/10/1966,129830805615,Tasikmalaya,B,019/012,03-05-2023,rina.hardiansyah@perum.my.id,+62 88-1423-5519,,Jl. Dipenogoro No. 434,Bekasi,Lampung,29839,Indonesia,https://linkedin.com/in/rina-hardiansyah-722,,E-commerce Manager,Pemasaran,Part-time,"Rp 40,649,489",Ya,04/07/2025,2 minggu,WNI (Warga Negara Indonesia),N/A,Ya,Fully Remote,22%,S1 (Sarjana),Universitas Hasanuddin,Jurnalistik,,2021,,Dean's List,12+ tahun,PT Ogilvy Indonesia,"Education officer, museum","Rp 37,711,805",PT Ogilvy Indonesia,Firefighter,PT DDB Indonesia,Statistician,Restrukturisasi Perusahaan,"Kerja Tim, Manajemen Waktu, Bahasa Inggris, Komunikasi","TikTok Marketing, Content Creation, Problem Solving",,Google Ads Certified,"Bahasa Minang, Japanese, Bahasa Indonesia (Native), Arabic",Tidak,https://portfolio.rinahardiansyah.com,,Ya,Tidak,Ya,"Yulia Wijayanti, Pilot, airline di PT Ogilvy Indonesia, +62 (0400) 861-3046, vdabukke@example.net","Jatmiko Hardiansyah, Engineer, electronics di PT DDB Indonesia, +62-08-894-2376, kacungpranowo@example.net",,Gandi Wahyudin,Orang Tua,+62 8-6759-9943,Standar (9-17),Terbatas,Tidak,Job Fair,,Saya tertarik dengan posisi ini karena Amet culpa odit. dan ingin berkontribusi untuk kemajuan perusahaan.,Tujuan karir saya adalah Ullam dolorem similique reiciendis nisi at. dan mengembangkan keahlian dalam Komunikasi.,Komunikasi,Manajemen Waktu,Katolik,Belum Menikah,BPJS-88379406,,Rina Hardiansyah,26/05/2025,Ya,Ya
APP20250049,23/05/2025,Pending,Prabowo,Bakianto,Saragih,Prabowo,Male,11/12/1959,214986598515,Purwokerto,AB,010/009,28-09-2018,prabowo.saragih@ud.ponpes.id,+62 82-9289-1001,,Jl. Dipatiukur No. 512,Samarinda,DKI Jakarta,38608,Indonesia,https://linkedin.com/in/prabowo-saragih-368,,Training Specialist,Pendidikan,Part-time,"Rp 20,836,820",Ya,07/07/2025,2 minggu,Permanent Resident,N/A,Ya,Work from Office,5%,S1 (Sarjana),Universitas Tarumanagara,Pendidikan Fisika,,2021,,,5-8 tahun,Zenius,Technical sales engineer,"Rp 19,765,960",Skill Academy,Private music teacher,Institut Teknologi Bandung,Learning mentor,Pengembangan Karir,"Adaptability, Student Assessment, Analytical Thinking, Curriculum Development","Kerja Tim, Learning Management Systems, Educational Technology, Academic Research",,"Microsoft Office Specialist, TOEFL/IELTS Certificate","Bahasa Bali, Bahasa Indonesia (Native), Bahasa Batak",Tidak,,,Tidak,Tidak,Ya,"Tomi Winarsih, Education officer, community di Zenius, (077) 934 2915, thamringhani@example.com","Darsirah Rahayu, Operational researcher di Zenius, +62-097-906-0108, cmelani@example.net","Wawan Hariyah, Audiological scientist di Zenius, +62-095-852-7226, cakrawala20@example.net",Farah Santoso,Teman,+62 87-7546-3626,Standar (9-17),Ya,Kadang-kadang,JobStreet,Surya Marpaung,Saya tertarik dengan posisi ini karena Nostrum nesciunt illo sunt assumenda dolore. dan ingin berkontribusi untuk kemajuan perusahaan.,Tujuan karir saya adalah Minus praesentium laudantium fugit sapiente. dan mengembangkan keahlian dalam Academic Research.,Kerja Tim,Perfeksionis,Hindu,Menikah,BPJS-10385174,20.201.311.5-313.285,Prabowo Saragih,26/05/2025,Ya,Ya
APP20250050,13/05/2025,Interview Scheduled,Capa,,Budiyanto,,Male,19/12/1972,117328587187,Sawahlunto,O,020/007,14-07-2024,capa.budiyanto@pd.ac.id,+62 87-4583-5898,,Jalan Monginsidi No. 245,Surabaya,Sulawesi Utara,38362,Indonesia,https://linkedin.com/in/capa-budiyanto-356,,Asisten Medis,Kesehatan,Full-time,"Rp 10,970,110",Ya,19/07/2025,1 bulan,Permanent Resident,N/A,Tidak,Fully Remote,0%,S2 (Magister),Universitas Pendidikan Indonesia,Gizi,,2012,,,3-5 tahun,PT Kalbe Farma,Meteorologist,"Rp 10,618,856",RS Fatmawati,English as a second language teacher,RS Cipto Mangunkusumo,"Psychologist, counselling",Pengembangan Karir,"Komunikasi, Medical Terminology, Emergency Care, Analytical Thinking","Problem Solving, Privacy Compliance",,"STR (Surat Tanda Registrasi), BLS Certification","English, Bahasa Minang, Bahasa Bali, Bahasa Jawa",Ya,,,Tidak,Ya,Ya,"Oman Utama, Data scientist di RS Fatmawati, (0807) 213 3120, nugrohorafi@example.org","Cakrabuana Pertiwi, Heritage manager di RS Fatmawati, (0725) 851-6459, opadmasari@example.org",,Maryadi Waluyo,Suami/Istri,+62 82-1679-8916,Mulai Pagi,Tidak,Kadang-kadang,LinkedIn,,Saya tertarik dengan posisi ini karena Voluptates maiores natus repudiandae autem aliquam vel a. dan ingin berkontribusi untuk kemajuan perusahaan.,Tujuan karir saya adalah Fuga magni adipisci minus libero veniam. dan mengembangkan keahlian dalam Komunikasi.,Keahlian Teknis,Public Speaking,Islam,Duda/Janda,,,Capa Budiyanto,26/05/2025,Ya,Ya
